id,instrumentId,curveName,mdType,mdBucket,value,marketMataVectorId,valuationModel,run,md_version,errorStatus
1,25892,USD_LIBOR,Yield_Curve,1D,3.2854,1,SABR,SOD,1,
2,72984,USD_LIBOR,Yield_Curve,2D,6.2833,2,SABR,SOD,1,
3,82485,USD_LIBOR,Yield_Curve,3D,1.25,3,SABR,SOD,1,
4,93284,USD_LIBOR,Yield_Curve,1W,3.9247,4,SABR,SOD,1,
5,61278,USD_LIBOR,Yield_Curve,2W,5.8391,5,SABR,SOD,1,
6,58981,USD_LIBOR,Yield_Curve,3W,0.5446,6,MC,SOD,1,
7,33254,USD_LIBOR,Yield_Curve,1M,3.4769,7,MC,SOD,1,
8,3640,USD_LIBOR,Yield_Curve,2M,0.1579,8,MC,SOD,1,
9,3938,USD_LIBOR,Yield_Curve,3M,1.1096,9,MC,SOD,1,
10,44232,USD_LIBOR,Yield_Curve,4M,5.4464,10,MC,SOD,1,
11,95313,USD_LIBOR,Yield_Curve,5M,2.5282,11,BS,SOD,1,
12,56816,USD_LIBOR,Yield_Curve,6M,1.6924,12,BS,SOD,1,
13,46690,USD_LIBOR,Yield_Curve,7M,4.7188,13,BS,SOD,1,
14,52835,USD_LIBOR,Yield_Curve,8M,5.5521,14,BS,SOD,1,
15,65079,USD_LIBOR,Yield_Curve,9M,6.1528,15,BS,SOD,1,
16,64015,USD_LIBOR,Yield_Curve,10M,5.1347,16,PARA,SOD,1,
17,29341,USD_LIBOR,Yield_Curve,11M,2.1421,17,PARA,SOD,1,
18,69960,USD_LIBOR,Yield_Curve,1Y,6.3349,18,PARA,SOD,1,
19,44855,USD_LIBOR,Yield_Curve,13M,5.0534,19,PARA,SOD,1,
20,11892,USD_LIBOR,Yield_Curve,14M,2.4634,20,PARA,SOD,1,
21,49541,USD_LIBOR,Yield_Curve,14M,1.4298,21,IMTU,SOD,1,
22,58295,USD_LIBOR,Yield_Curve,15M,0.2737,22,IMTU,SOD,1,
23,90110,USD_LIBOR,Yield_Curve,16M,5.8885,23,IMTU,SOD,1,
24,85132,USD_LIBOR,Yield_Curve,17M,5.5906,24,IMTU,SOD,1,
25,82995,USD_LIBOR,Yield_Curve,18M,0.9924,25,IMTU,SOD,1,
26,61741,USD_LIBOR,Yield_Curve,19M,5.7295,26,MC,SOD,1,
27,91179,USD_LIBOR,Yield_Curve,20M,1.2374,27,MC,SOD,1,
28,48617,USD_LIBOR,Yield_Curve,21M,5.7781,28,MC,SOD,1,
29,93576,USD_LIBOR,Yield_Curve,22M,0.2056,29,MC,SOD,1,
30,997,USD_LIBOR,Yield_Curve,23M,6.0993,30,MC,SOD,1,
31,34445,USD_LIBOR,Yield_Curve,2Y,6.2284,31,BASE,SOD,1,
32,31590,USD_LIBOR,Yield_Curve,25M,0.5157,32,BASE,SOD,1,
33,44482,USD_LIBOR,Yield_Curve,26M,1.3339,33,BASE,SOD,1,
34,44617,USD_LIBOR,Yield_Curve,27M,3.0112,34,BASE,SOD,1,
35,76864,USD_LIBOR,Yield_Curve,28M,1.518,35,BASE,SOD,1,
36,58162,USD_LIBOR,Yield_Curve,29M,0.2401,36,PARA,SOD,1,
37,51984,USD_LIBOR,Yield_Curve,30M,5.1253,37,PARA,SOD,1,
38,66826,USD_LIBOR,Yield_Curve,31M,0.4008,38,PARA,SOD,1,
39,52683,USD_LIBOR,Yield_Curve,32M,4.0395,39,PARA,SOD,1,
40,46090,USD_LIBOR,Yield_Curve,33M,3.4118,40,PARA,SOD,1,
41,19620,USD_LIBOR,Yield_Curve,34M,0.3799,41,BASE,SOD,1,
42,45830,USD_LIBOR,Yield_Curve,35M,3.1914,42,BASE,SOD,1,
43,78668,USD_LIBOR,Yield_Curve,3Y,5.7396,43,BASE,SOD,1,
44,52452,USD_LIBOR,Yield_Curve,37M,2.2422,44,BASE,SOD,1,
45,97890,USD_LIBOR,Yield_Curve,38M,2.8698,45,BASE,SOD,1,
46,87110,USD_LIBOR,Yield_Curve,39M,1.9352,46,BS,SOD,1,
47,24878,USD_LIBOR,Yield_Curve,40M,4.1973,47,BS,SOD,1,
48,24014,USD_LIBOR,Yield_Curve,41M,3.5998,48,BS,SOD,1,
49,76505,USD_LIBOR,Yield_Curve,42M,4.9422,49,BS,SOD,1,
50,45561,USD_LIBOR,Yield_Curve,43M,2.0475,50,BS,SOD,1,
51,3829,USD_LIBOR,Yield_Curve,44M,4.3686,51,PARA,SOD,1,
52,22578,USD_LIBOR,Yield_Curve,45M,2.8345,52,PARA,SOD,1,
53,53134,USD_LIBOR,Yield_Curve,46M,0.0302,53,PARA,SOD,1,
54,24680,USD_LIBOR,Yield_Curve,47M,6.0304,54,PARA,SOD,1,
55,2727,USD_LIBOR,Yield_Curve,4Y,4.7834,55,PARA,SOD,1,
56,77292,USD_LIBOR,Yield_Curve,49M,0.1442,56,COPULA,SOD,1,
57,34029,USD_LIBOR,Yield_Curve,50M,3.8141,57,COPULA,SOD,1,
58,81636,USD_LIBOR,Yield_Curve,51M,6.4187,58,COPULA,SOD,1,
59,81839,USD_LIBOR,Yield_Curve,52M,1.1124,59,COPULA,SOD,1,
60,28497,USD_LIBOR,Yield_Curve,53M,1.243,60,COPULA,SOD,1,
61,36095,USD_LIBOR,Yield_Curve,54M,3.4438,61,BS,SOD,1,
62,94495,USD_LIBOR,Yield_Curve,55M,4.5854,62,BS,SOD,1,
63,77348,USD_LIBOR,Yield_Curve,56M,5.0426,63,BS,SOD,1,
64,32812,USD_LIBOR,Yield_Curve,57M,1.2481,64,BS,SOD,1,
65,98432,USD_LIBOR,Yield_Curve,58M,0.8237,65,BS,SOD,1,
66,74415,USD_LIBOR,Yield_Curve,59M,1.3184,66,BS,SOD,1,
67,3861,USD_LIBOR,Yield_Curve,5Y,2.973,67,BS,SOD,1,
68,82060,USD_LIBOR,Yield_Curve,6Y,3.3355,68,BS,SOD,1,
69,19335,USD_LIBOR,Yield_Curve,7Y,2.3327,69,BS,SOD,1,
70,80377,USD_LIBOR,Yield_Curve,8Y,2.2866,70,BS,SOD,1,
71,8046,USD_LIBOR,Yield_Curve,9Y,5.3745,71,IMTU,SOD,1,
72,15687,USD_LIBOR,Yield_Curve,10Y,4.0644,72,IMTU,SOD,1,
73,23819,USD_LIBOR,Yield_Curve,11Y,6.0477,73,IMTU,SOD,1,
74,77712,USD_LIBOR,Yield_Curve,12Y,5.9399,74,IMTU,SOD,1,
75,96606,USD_LIBOR,Yield_Curve,13Y,3.7831,75,IMTU,SOD,1,
76,4031,USD_LIBOR,Yield_Curve,14Y,0.1839,76,IMTU,SOD,1,
77,59021,USD_LIBOR,Yield_Curve,15Y,4.1005,77,IMTU,SOD,1,
78,43122,USD_LIBOR,Yield_Curve,16Y,2.8044,78,IMTU,SOD,1,
79,20747,USD_LIBOR,Yield_Curve,17Y,2.1853,79,IMTU,SOD,1,
80,33179,USD_LIBOR,Yield_Curve,18Y,2.259,80,IMTU,SOD,1,
81,59548,USD_LIBOR,Yield_Curve,19Y,6.3814,81,BS,SOD,1,
82,10814,USD_LIBOR,Yield_Curve,20Y,5.3788,82,BS,SOD,1,
83,60826,USD_LIBOR,Yield_Curve,21Y,3.6765,83,BS,SOD,1,
84,10181,USD_LIBOR,Yield_Curve,22Y,5.5406,84,BS,SOD,1,
85,22965,USD_LIBOR,Yield_Curve,23Y,3.6361,85,BS,SOD,1,
86,87471,USD_LIBOR,Yield_Curve,24Y,3.2266,86,MC,SOD,1,
87,23163,USD_LIBOR,Yield_Curve,25Y,5.0628,87,MC,SOD,1,
88,40088,USD_LIBOR,Yield_Curve,26Y,1.5905,88,MC,SOD,1,
89,97664,USD_LIBOR,Yield_Curve,27Y,0.6064,89,MC,SOD,1,
90,20031,USD_LIBOR,Yield_Curve,28Y,0.0392,90,MC,SOD,1,
91,84611,USD_LIBOR,Yield_Curve,29Y,2.4843,91,BS,SOD,1,
92,9206,USD_LIBOR,Yield_Curve,30Y,3.7299,92,BS,SOD,1,
93,46980,USD_LIBOR,Yield_Curve,31Y,1.5258,93,BS,SOD,1,
94,44608,USD_LIBOR,Yield_Curve,32Y,6.0428,94,BS,SOD,1,
95,3669,USD_LIBOR,Yield_Curve,33Y,2.5469,95,BS,SOD,1,
96,92309,USD_LIBOR,Yield_Curve,34Y,1.3948,96,BASE,SOD,1,
97,67421,USD_LIBOR,Yield_Curve,35Y,5.7563,97,BASE,SOD,1,
98,84600,USD_LIBOR,Yield_Curve,40Y,3.5185,98,BASE,SOD,1,
99,21047,USD_LIBOR,Yield_Curve,50Y,0.5181,99,BASE,SOD,1,
100,23913,USD_LIBOR,Yield_Curve,60Y,1.8172,100,BASE,SOD,1,
101,15479,EUR_LIBOR,Yield_Curve,1D,0.1677,1,BS,SOD,1,
102,38430,EUR_LIBOR,Yield_Curve,2D,3.594,2,BS,SOD,1,
103,41766,EUR_LIBOR,Yield_Curve,3D,3.3863,3,BS,SOD,1,
104,60879,EUR_LIBOR,Yield_Curve,1W,1.4123,4,BS,SOD,1,
105,70639,EUR_LIBOR,Yield_Curve,2W,3.3375,5,BS,SOD,1,
106,17414,EUR_LIBOR,Yield_Curve,3W,5.6619,6,PARA,SOD,1,
107,59715,EUR_LIBOR,Yield_Curve,1M,2.9228,7,PARA,SOD,1,
108,82447,EUR_LIBOR,Yield_Curve,2M,1.8382,8,PARA,SOD,1,
109,22131,EUR_LIBOR,Yield_Curve,3M,2.7187,9,PARA,SOD,1,
110,98763,EUR_LIBOR,Yield_Curve,4M,0.4148,10,PARA,SOD,1,
111,82504,EUR_LIBOR,Yield_Curve,5M,2.251,11,SABR,SOD,1,
112,6704,EUR_LIBOR,Yield_Curve,6M,0.0976,12,SABR,SOD,1,
113,73413,EUR_LIBOR,Yield_Curve,7M,5.2586,13,SABR,SOD,1,
114,75715,EUR_LIBOR,Yield_Curve,8M,5.8513,14,SABR,SOD,1,
115,5216,EUR_LIBOR,Yield_Curve,9M,5.1625,15,SABR,SOD,1,
116,902,EUR_LIBOR,Yield_Curve,10M,2.5609,16,PARA,SOD,1,
117,35279,EUR_LIBOR,Yield_Curve,11M,3.2916,17,PARA,SOD,1,
118,93084,EUR_LIBOR,Yield_Curve,1Y,2.2109,18,PARA,SOD,1,
119,7791,EUR_LIBOR,Yield_Curve,13M,1.0422,19,PARA,SOD,1,
120,74676,EUR_LIBOR,Yield_Curve,14M,3.3139,20,PARA,SOD,1,
121,97771,EUR_LIBOR,Yield_Curve,14M,0.3261,21,IMTU,SOD,1,
122,95572,EUR_LIBOR,Yield_Curve,15M,1.3555,22,IMTU,SOD,1,
123,5156,EUR_LIBOR,Yield_Curve,16M,6.0995,23,IMTU,SOD,1,
124,25387,EUR_LIBOR,Yield_Curve,17M,3.1254,24,IMTU,SOD,1,
125,15590,EUR_LIBOR,Yield_Curve,18M,4.7273,25,IMTU,SOD,1,
126,38388,EUR_LIBOR,Yield_Curve,19M,4.0273,26,MC,SOD,1,
127,91421,EUR_LIBOR,Yield_Curve,20M,4.4454,27,MC,SOD,1,
128,38527,EUR_LIBOR,Yield_Curve,21M,6.3453,28,MC,SOD,1,
129,39145,EUR_LIBOR,Yield_Curve,22M,6.1255,29,MC,SOD,1,
130,71048,EUR_LIBOR,Yield_Curve,23M,0.5863,30,MC,SOD,1,
131,95660,EUR_LIBOR,Yield_Curve,2Y,2.049,31,IMTU,SOD,1,
132,61499,EUR_LIBOR,Yield_Curve,25M,4.723,32,IMTU,SOD,1,
133,59663,EUR_LIBOR,Yield_Curve,26M,3.8267,33,IMTU,SOD,1,
134,29549,EUR_LIBOR,Yield_Curve,27M,4.7764,34,IMTU,SOD,1,
135,53783,EUR_LIBOR,Yield_Curve,28M,5.6335,35,IMTU,SOD,1,
136,48497,EUR_LIBOR,Yield_Curve,29M,4.223,36,BS,SOD,1,
137,6548,EUR_LIBOR,Yield_Curve,30M,3.0007,37,BS,SOD,1,
138,51188,EUR_LIBOR,Yield_Curve,31M,0.9961,38,BS,SOD,1,
139,53531,EUR_LIBOR,Yield_Curve,32M,2.6481,39,BS,SOD,1,
140,19531,EUR_LIBOR,Yield_Curve,33M,4.1639,40,BS,SOD,1,
141,51795,EUR_LIBOR,Yield_Curve,34M,2.1455,41,BS,SOD,1,
142,23010,EUR_LIBOR,Yield_Curve,35M,4.8075,42,BS,SOD,1,
143,52144,EUR_LIBOR,Yield_Curve,3Y,3.4284,43,BS,SOD,1,
144,13930,EUR_LIBOR,Yield_Curve,37M,2.3897,44,BS,SOD,1,
145,26005,EUR_LIBOR,Yield_Curve,38M,4.7331,45,BS,SOD,1,
146,14426,EUR_LIBOR,Yield_Curve,39M,1.7593,46,SABR,SOD,1,
147,63726,EUR_LIBOR,Yield_Curve,40M,5.6732,47,SABR,SOD,1,
148,71573,EUR_LIBOR,Yield_Curve,41M,4.2109,48,SABR,SOD,1,
149,28535,EUR_LIBOR,Yield_Curve,42M,0.7043,49,SABR,SOD,1,
150,17199,EUR_LIBOR,Yield_Curve,43M,4.047,50,SABR,SOD,1,
151,44141,EUR_LIBOR,Yield_Curve,44M,2.9489,51,IMTU,SOD,1,
152,84092,EUR_LIBOR,Yield_Curve,45M,0.6147,52,IMTU,SOD,1,
153,40033,EUR_LIBOR,Yield_Curve,46M,0.6743,53,IMTU,SOD,1,
154,82947,EUR_LIBOR,Yield_Curve,47M,4.1008,54,IMTU,SOD,1,
155,80624,EUR_LIBOR,Yield_Curve,4Y,4.7964,55,IMTU,SOD,1,
156,2323,EUR_LIBOR,Yield_Curve,49M,5.3224,56,SABR,SOD,1,
157,44087,EUR_LIBOR,Yield_Curve,50M,6.1171,57,SABR,SOD,1,
158,61666,EUR_LIBOR,Yield_Curve,51M,0.2624,58,SABR,SOD,1,
159,55380,EUR_LIBOR,Yield_Curve,52M,4.6448,59,SABR,SOD,1,
160,91350,EUR_LIBOR,Yield_Curve,53M,2.1608,60,SABR,SOD,1,
161,3199,EUR_LIBOR,Yield_Curve,54M,1.8885,61,IMTU,SOD,1,
162,79794,EUR_LIBOR,Yield_Curve,55M,5.3899,62,IMTU,SOD,1,
163,92578,EUR_LIBOR,Yield_Curve,56M,3.0586,63,IMTU,SOD,1,
164,11581,EUR_LIBOR,Yield_Curve,57M,5.773,64,IMTU,SOD,1,
165,87931,EUR_LIBOR,Yield_Curve,58M,3.5575,65,IMTU,SOD,1,
166,35291,EUR_LIBOR,Yield_Curve,59M,0.7618,66,MC,SOD,1,
167,32352,EUR_LIBOR,Yield_Curve,5Y,4.3641,67,MC,SOD,1,
168,33201,EUR_LIBOR,Yield_Curve,6Y,6.3765,68,MC,SOD,1,
169,86076,EUR_LIBOR,Yield_Curve,7Y,3.6893,69,MC,SOD,1,
170,88984,EUR_LIBOR,Yield_Curve,8Y,2.9557,70,MC,SOD,1,
171,36369,EUR_LIBOR,Yield_Curve,9Y,4.1083,71,SABR,SOD,1,
172,42887,EUR_LIBOR,Yield_Curve,10Y,5.9065,72,SABR,SOD,1,
173,42118,EUR_LIBOR,Yield_Curve,11Y,3.9554,73,SABR,SOD,1,
174,96540,EUR_LIBOR,Yield_Curve,12Y,6.1643,74,SABR,SOD,1,
175,2499,EUR_LIBOR,Yield_Curve,13Y,6.0716,75,SABR,SOD,1,
176,72338,EUR_LIBOR,Yield_Curve,14Y,0.6343,76,MC,SOD,1,
177,62888,EUR_LIBOR,Yield_Curve,15Y,2.1506,77,MC,SOD,1,
178,47506,EUR_LIBOR,Yield_Curve,16Y,0.9538,78,MC,SOD,1,
179,81040,EUR_LIBOR,Yield_Curve,17Y,3.8148,79,MC,SOD,1,
180,37885,EUR_LIBOR,Yield_Curve,18Y,1.1117,80,MC,SOD,1,
181,8926,EUR_LIBOR,Yield_Curve,19Y,3.9528,81,COPULA,SOD,1,
182,70267,EUR_LIBOR,Yield_Curve,20Y,4.7113,82,COPULA,SOD,1,
183,51636,EUR_LIBOR,Yield_Curve,21Y,0.433,83,COPULA,SOD,1,
184,66032,EUR_LIBOR,Yield_Curve,22Y,1.931,84,COPULA,SOD,1,
185,4855,EUR_LIBOR,Yield_Curve,23Y,5.1763,85,COPULA,SOD,1,
186,140,EUR_LIBOR,Yield_Curve,24Y,4.9809,86,SABR,SOD,1,
187,36816,EUR_LIBOR,Yield_Curve,25Y,2.7027,87,SABR,SOD,1,
188,88666,EUR_LIBOR,Yield_Curve,26Y,2.6147,88,SABR,SOD,1,
189,29878,EUR_LIBOR,Yield_Curve,27Y,6.1827,89,SABR,SOD,1,
190,66137,EUR_LIBOR,Yield_Curve,28Y,4.7947,90,SABR,SOD,1,
191,9581,EUR_LIBOR,Yield_Curve,29Y,1.8725,91,SABR,SOD,1,
192,32467,EUR_LIBOR,Yield_Curve,30Y,5.7513,92,SABR,SOD,1,
193,5908,EUR_LIBOR,Yield_Curve,31Y,5.5681,93,SABR,SOD,1,
194,27179,EUR_LIBOR,Yield_Curve,32Y,2.1488,94,SABR,SOD,1,
195,95191,EUR_LIBOR,Yield_Curve,33Y,4.1741,95,SABR,SOD,1,
196,9292,EUR_LIBOR,Yield_Curve,34Y,2.4517,96,BS,SOD,1,
197,87608,EUR_LIBOR,Yield_Curve,35Y,2.1968,97,BS,SOD,1,
198,35250,EUR_LIBOR,Yield_Curve,40Y,6.191,98,BS,SOD,1,
199,74240,EUR_LIBOR,Yield_Curve,50Y,3.958,99,BS,SOD,1,
200,49258,EUR_LIBOR,Yield_Curve,60Y,5.1413,100,BS,SOD,1,
201,7089,JPY_LIBOR,Yield_Curve,1D,5.4441,1,SABR,SOD,1,
202,53793,JPY_LIBOR,Yield_Curve,2D,4.2344,2,SABR,SOD,1,
203,51880,JPY_LIBOR,Yield_Curve,3D,5.4448,3,SABR,SOD,1,
204,30476,JPY_LIBOR,Yield_Curve,1W,6.3361,4,SABR,SOD,1,
205,62294,JPY_LIBOR,Yield_Curve,2W,4.7402,5,SABR,SOD,1,
206,78944,JPY_LIBOR,Yield_Curve,3W,3.9891,6,IMTU,SOD,1,
207,37111,JPY_LIBOR,Yield_Curve,1M,5.4018,7,IMTU,SOD,1,
208,53358,JPY_LIBOR,Yield_Curve,2M,6.2937,8,IMTU,SOD,1,
209,29470,JPY_LIBOR,Yield_Curve,3M,5.2068,9,IMTU,SOD,1,
210,50665,JPY_LIBOR,Yield_Curve,4M,0.3061,10,IMTU,SOD,1,
211,94188,JPY_LIBOR,Yield_Curve,5M,3.4093,11,SABR,SOD,1,
212,43209,JPY_LIBOR,Yield_Curve,6M,0.9823,12,SABR,SOD,1,
213,52300,JPY_LIBOR,Yield_Curve,7M,1.6905,13,SABR,SOD,1,
214,45017,JPY_LIBOR,Yield_Curve,8M,2.2378,14,SABR,SOD,1,
215,96485,JPY_LIBOR,Yield_Curve,9M,0.9405,15,SABR,SOD,1,
216,76391,JPY_LIBOR,Yield_Curve,10M,2.4865,16,IMTU,SOD,1,
217,66782,JPY_LIBOR,Yield_Curve,11M,5.0039,17,IMTU,SOD,1,
218,14044,JPY_LIBOR,Yield_Curve,1Y,0.1013,18,IMTU,SOD,1,
219,67281,JPY_LIBOR,Yield_Curve,13M,4.7993,19,IMTU,SOD,1,
220,31105,JPY_LIBOR,Yield_Curve,14M,2.1457,20,IMTU,SOD,1,
221,51683,JPY_LIBOR,Yield_Curve,14M,6.1428,21,MC,SOD,1,
222,34173,JPY_LIBOR,Yield_Curve,15M,1.4476,22,MC,SOD,1,
223,25098,JPY_LIBOR,Yield_Curve,16M,3.5185,23,MC,SOD,1,
224,83106,JPY_LIBOR,Yield_Curve,17M,1.5242,24,MC,SOD,1,
225,45922,JPY_LIBOR,Yield_Curve,18M,0.9003,25,MC,SOD,1,
226,33439,JPY_LIBOR,Yield_Curve,19M,6.3155,26,SABR,SOD,1,
227,54068,JPY_LIBOR,Yield_Curve,20M,4.0744,27,SABR,SOD,1,
228,56380,JPY_LIBOR,Yield_Curve,21M,2.6543,28,SABR,SOD,1,
229,34236,JPY_LIBOR,Yield_Curve,22M,5.2008,29,SABR,SOD,1,
230,62528,JPY_LIBOR,Yield_Curve,23M,0.9816,30,SABR,SOD,1,
231,41403,JPY_LIBOR,Yield_Curve,2Y,0.0202,31,MC,SOD,1,
232,43088,JPY_LIBOR,Yield_Curve,25M,2.6272,32,MC,SOD,1,
233,22781,JPY_LIBOR,Yield_Curve,26M,1.4316,33,MC,SOD,1,
234,22662,JPY_LIBOR,Yield_Curve,27M,3.6037,34,MC,SOD,1,
235,82332,JPY_LIBOR,Yield_Curve,28M,5.1861,35,MC,SOD,1,
236,69275,JPY_LIBOR,Yield_Curve,29M,5.6168,36,BASE,SOD,1,
237,10475,JPY_LIBOR,Yield_Curve,30M,2.6947,37,BASE,SOD,1,
238,34148,JPY_LIBOR,Yield_Curve,31M,4.3428,38,BASE,SOD,1,
239,38648,JPY_LIBOR,Yield_Curve,32M,2.5996,39,BASE,SOD,1,
240,89949,JPY_LIBOR,Yield_Curve,33M,0.5975,40,BASE,SOD,1,
241,43525,JPY_LIBOR,Yield_Curve,34M,4.8985,41,IMTU,SOD,1,
242,10818,JPY_LIBOR,Yield_Curve,35M,1.5711,42,IMTU,SOD,1,
243,71440,JPY_LIBOR,Yield_Curve,3Y,1.1437,43,IMTU,SOD,1,
244,60271,JPY_LIBOR,Yield_Curve,37M,5.189,44,IMTU,SOD,1,
245,22475,JPY_LIBOR,Yield_Curve,38M,3.5691,45,IMTU,SOD,1,
246,42075,JPY_LIBOR,Yield_Curve,39M,4.037,46,COPULA,SOD,1,
247,27962,JPY_LIBOR,Yield_Curve,40M,1.3346,47,COPULA,SOD,1,
248,87377,JPY_LIBOR,Yield_Curve,41M,3.5952,48,COPULA,SOD,1,
249,66621,JPY_LIBOR,Yield_Curve,42M,3.48,49,COPULA,SOD,1,
250,74327,JPY_LIBOR,Yield_Curve,43M,1.0734,50,COPULA,SOD,1,
251,47649,JPY_LIBOR,Yield_Curve,44M,1.3007,51,SABR,SOD,1,
252,57257,JPY_LIBOR,Yield_Curve,45M,2.1659,52,SABR,SOD,1,
253,1325,JPY_LIBOR,Yield_Curve,46M,4.2424,53,SABR,SOD,1,
254,46217,JPY_LIBOR,Yield_Curve,47M,4.1043,54,SABR,SOD,1,
255,27729,JPY_LIBOR,Yield_Curve,4Y,3.9102,55,SABR,SOD,1,
256,17639,JPY_LIBOR,Yield_Curve,49M,3.4624,56,BASE,SOD,1,
257,27902,JPY_LIBOR,Yield_Curve,50M,1.0065,57,BASE,SOD,1,
258,89123,JPY_LIBOR,Yield_Curve,51M,0.4909,58,BASE,SOD,1,
259,27842,JPY_LIBOR,Yield_Curve,52M,4.332,59,BASE,SOD,1,
260,71938,JPY_LIBOR,Yield_Curve,53M,1.262,60,BASE,SOD,1,
261,10326,JPY_LIBOR,Yield_Curve,54M,1.4052,61,PARA,SOD,1,
262,78159,JPY_LIBOR,Yield_Curve,55M,2.5888,62,PARA,SOD,1,
263,38223,JPY_LIBOR,Yield_Curve,56M,0.6663,63,PARA,SOD,1,
264,20063,JPY_LIBOR,Yield_Curve,57M,3.4163,64,PARA,SOD,1,
265,45538,JPY_LIBOR,Yield_Curve,58M,4.3459,65,PARA,SOD,1,
266,47983,JPY_LIBOR,Yield_Curve,59M,4.4847,66,COPULA,SOD,1,
267,87266,JPY_LIBOR,Yield_Curve,5Y,0.0437,67,COPULA,SOD,1,
268,65193,JPY_LIBOR,Yield_Curve,6Y,0.4449,68,COPULA,SOD,1,
269,65816,JPY_LIBOR,Yield_Curve,7Y,0.3746,69,COPULA,SOD,1,
270,8004,JPY_LIBOR,Yield_Curve,8Y,4.0384,70,COPULA,SOD,1,
271,50855,JPY_LIBOR,Yield_Curve,9Y,6.1163,71,BASE,SOD,1,
272,23345,JPY_LIBOR,Yield_Curve,10Y,0.3839,72,BASE,SOD,1,
273,13500,JPY_LIBOR,Yield_Curve,11Y,5.1964,73,BASE,SOD,1,
274,17598,JPY_LIBOR,Yield_Curve,12Y,2.3289,74,BASE,SOD,1,
275,86776,JPY_LIBOR,Yield_Curve,13Y,2.7619,75,BASE,SOD,1,
276,38781,JPY_LIBOR,Yield_Curve,14Y,1.3567,76,PARA,SOD,1,
277,15283,JPY_LIBOR,Yield_Curve,15Y,2.9409,77,PARA,SOD,1,
278,69619,JPY_LIBOR,Yield_Curve,16Y,4.1355,78,PARA,SOD,1,
279,79508,JPY_LIBOR,Yield_Curve,17Y,2.2462,79,PARA,SOD,1,
280,64486,JPY_LIBOR,Yield_Curve,18Y,5.9869,80,PARA,SOD,1,
281,57313,JPY_LIBOR,Yield_Curve,19Y,3.3138,81,PARA,SOD,1,
282,17017,JPY_LIBOR,Yield_Curve,20Y,6.3098,82,PARA,SOD,1,
283,97452,JPY_LIBOR,Yield_Curve,21Y,5.9915,83,PARA,SOD,1,
284,67608,JPY_LIBOR,Yield_Curve,22Y,5.4778,84,PARA,SOD,1,
285,1269,JPY_LIBOR,Yield_Curve,23Y,4.1855,85,PARA,SOD,1,
286,69588,JPY_LIBOR,Yield_Curve,24Y,4.8901,86,BS,SOD,1,
287,83595,JPY_LIBOR,Yield_Curve,25Y,5.5337,87,BS,SOD,1,
288,85742,JPY_LIBOR,Yield_Curve,26Y,4.8674,88,BS,SOD,1,
289,67878,JPY_LIBOR,Yield_Curve,27Y,6.1799,89,BS,SOD,1,
290,53829,JPY_LIBOR,Yield_Curve,28Y,4.743,90,BS,SOD,1,
291,53236,JPY_LIBOR,Yield_Curve,29Y,6.457,91,PARA,SOD,1,
292,20861,JPY_LIBOR,Yield_Curve,30Y,2.0071,92,PARA,SOD,1,
293,92469,JPY_LIBOR,Yield_Curve,31Y,3.0933,93,PARA,SOD,1,
294,9349,JPY_LIBOR,Yield_Curve,32Y,5.6385,94,PARA,SOD,1,
295,41220,JPY_LIBOR,Yield_Curve,33Y,4.2193,95,PARA,SOD,1,
296,9795,JPY_LIBOR,Yield_Curve,34Y,1.1841,96,IMTU,SOD,1,
297,16169,JPY_LIBOR,Yield_Curve,35Y,5.1427,97,IMTU,SOD,1,
298,3028,JPY_LIBOR,Yield_Curve,40Y,0.6766,98,IMTU,SOD,1,
299,22405,JPY_LIBOR,Yield_Curve,50Y,2.9068,99,IMTU,SOD,1,
300,4265,JPY_LIBOR,Yield_Curve,60Y,1.2367,100,IMTU,SOD,1,
301,10979,GBP_LIBOR,Yield_Curve,1D,1.6612,1,MC,SOD,1,
302,13076,GBP_LIBOR,Yield_Curve,2D,2.5653,2,MC,SOD,1,
303,91037,GBP_LIBOR,Yield_Curve,3D,0.4953,3,MC,SOD,1,
304,69322,GBP_LIBOR,Yield_Curve,1W,4.6925,4,MC,SOD,1,
305,10530,GBP_LIBOR,Yield_Curve,2W,2.855,5,MC,SOD,1,
306,18420,GBP_LIBOR,Yield_Curve,3W,5.9987,6,PARA,SOD,1,
307,8370,GBP_LIBOR,Yield_Curve,1M,3.2267,7,PARA,SOD,1,
308,69663,GBP_LIBOR,Yield_Curve,2M,3.2529,8,PARA,SOD,1,
309,16316,GBP_LIBOR,Yield_Curve,3M,3.9692,9,PARA,SOD,1,
310,29013,GBP_LIBOR,Yield_Curve,4M,3.0491,10,PARA,SOD,1,
311,22395,GBP_LIBOR,Yield_Curve,5M,0.1649,11,IMTU,SOD,1,
312,17067,GBP_LIBOR,Yield_Curve,6M,0.9945,12,IMTU,SOD,1,
313,14905,GBP_LIBOR,Yield_Curve,7M,3.1029,13,IMTU,SOD,1,
314,52460,GBP_LIBOR,Yield_Curve,8M,4.4534,14,IMTU,SOD,1,
315,92285,GBP_LIBOR,Yield_Curve,9M,3.824,15,IMTU,SOD,1,
316,94086,GBP_LIBOR,Yield_Curve,10M,3.5789,16,PARA,SOD,1,
317,59278,GBP_LIBOR,Yield_Curve,11M,2.7017,17,PARA,SOD,1,
318,70636,GBP_LIBOR,Yield_Curve,1Y,2.0931,18,PARA,SOD,1,
319,30998,GBP_LIBOR,Yield_Curve,13M,0.3841,19,PARA,SOD,1,
320,94042,GBP_LIBOR,Yield_Curve,14M,5.6024,20,PARA,SOD,1,
321,51589,GBP_LIBOR,Yield_Curve,14M,4.9605,21,IMTU,SOD,1,
322,61510,GBP_LIBOR,Yield_Curve,15M,1.1403,22,IMTU,SOD,1,
323,10262,GBP_LIBOR,Yield_Curve,16M,5.3538,23,IMTU,SOD,1,
324,84443,GBP_LIBOR,Yield_Curve,17M,2.1866,24,IMTU,SOD,1,
325,16187,GBP_LIBOR,Yield_Curve,18M,1.275,25,IMTU,SOD,1,
326,12093,GBP_LIBOR,Yield_Curve,19M,5.4277,26,BASE,SOD,1,
327,77648,GBP_LIBOR,Yield_Curve,20M,5.075,27,BASE,SOD,1,
328,56535,GBP_LIBOR,Yield_Curve,21M,3.1072,28,BASE,SOD,1,
329,3909,GBP_LIBOR,Yield_Curve,22M,3.9093,29,BASE,SOD,1,
330,88138,GBP_LIBOR,Yield_Curve,23M,5.488,30,BASE,SOD,1,
331,79481,GBP_LIBOR,Yield_Curve,2Y,3.8066,31,SABR,SOD,1,
332,45739,GBP_LIBOR,Yield_Curve,25M,0.9477,32,SABR,SOD,1,
333,95276,GBP_LIBOR,Yield_Curve,26M,6.243,33,SABR,SOD,1,
334,64390,GBP_LIBOR,Yield_Curve,27M,1.1117,34,SABR,SOD,1,
335,41518,GBP_LIBOR,Yield_Curve,28M,5.7932,35,SABR,SOD,1,
336,25986,GBP_LIBOR,Yield_Curve,29M,2.7069,36,BS,SOD,1,
337,62803,GBP_LIBOR,Yield_Curve,30M,4.0308,37,BS,SOD,1,
338,21736,GBP_LIBOR,Yield_Curve,31M,0.3365,38,BS,SOD,1,
339,44112,GBP_LIBOR,Yield_Curve,32M,5.6639,39,BS,SOD,1,
340,55077,GBP_LIBOR,Yield_Curve,33M,6.0042,40,BS,SOD,1,
341,41815,GBP_LIBOR,Yield_Curve,34M,0.1386,41,COPULA,SOD,1,
342,87272,GBP_LIBOR,Yield_Curve,35M,0.2838,42,COPULA,SOD,1,
343,38374,GBP_LIBOR,Yield_Curve,3Y,4.1382,43,COPULA,SOD,1,
344,31100,GBP_LIBOR,Yield_Curve,37M,3.9477,44,COPULA,SOD,1,
345,84244,GBP_LIBOR,Yield_Curve,38M,2.7009,45,COPULA,SOD,1,
346,88830,GBP_LIBOR,Yield_Curve,39M,5.8572,46,BS,SOD,1,
347,62593,GBP_LIBOR,Yield_Curve,40M,1.7146,47,BS,SOD,1,
348,8589,GBP_LIBOR,Yield_Curve,41M,2.7019,48,BS,SOD,1,
349,77947,GBP_LIBOR,Yield_Curve,42M,1.2392,49,BS,SOD,1,
350,70170,GBP_LIBOR,Yield_Curve,43M,5.5717,50,BS,SOD,1,
351,12790,GBP_LIBOR,Yield_Curve,44M,3.2316,51,MC,SOD,1,
352,46535,GBP_LIBOR,Yield_Curve,45M,2.1579,52,MC,SOD,1,
353,33209,GBP_LIBOR,Yield_Curve,46M,6.0009,53,MC,SOD,1,
354,38194,GBP_LIBOR,Yield_Curve,47M,2.7598,54,MC,SOD,1,
355,76687,GBP_LIBOR,Yield_Curve,4Y,1.1735,55,MC,SOD,1,
356,429,GBP_LIBOR,Yield_Curve,49M,0.7897,56,BS,SOD,1,
357,68712,GBP_LIBOR,Yield_Curve,50M,5.0261,57,BS,SOD,1,
358,76434,GBP_LIBOR,Yield_Curve,51M,5.5194,58,BS,SOD,1,
359,36065,GBP_LIBOR,Yield_Curve,52M,4.7082,59,BS,SOD,1,
360,48371,GBP_LIBOR,Yield_Curve,53M,4.5629,60,BS,SOD,1,
361,8446,GBP_LIBOR,Yield_Curve,54M,4.8437,61,PARA,SOD,1,
362,95035,GBP_LIBOR,Yield_Curve,55M,4.6268,62,PARA,SOD,1,
363,322,GBP_LIBOR,Yield_Curve,56M,5.8033,63,PARA,SOD,1,
364,29912,GBP_LIBOR,Yield_Curve,57M,4.575,64,PARA,SOD,1,
365,31801,GBP_LIBOR,Yield_Curve,58M,6.1279,65,PARA,SOD,1,
366,48237,GBP_LIBOR,Yield_Curve,59M,1.324,66,BASE,SOD,1,
367,5429,GBP_LIBOR,Yield_Curve,5Y,0.5533,67,BASE,SOD,1,
368,80059,GBP_LIBOR,Yield_Curve,6Y,0.0213,68,BASE,SOD,1,
369,80956,GBP_LIBOR,Yield_Curve,7Y,5.0584,69,BASE,SOD,1,
370,1962,GBP_LIBOR,Yield_Curve,8Y,1.5951,70,BASE,SOD,1,
371,27030,GBP_LIBOR,Yield_Curve,9Y,1.2788,71,COPULA,SOD,1,
372,62724,GBP_LIBOR,Yield_Curve,10Y,4.3069,72,COPULA,SOD,1,
373,58211,GBP_LIBOR,Yield_Curve,11Y,3.5824,73,COPULA,SOD,1,
374,56393,GBP_LIBOR,Yield_Curve,12Y,3.3011,74,COPULA,SOD,1,
375,39154,GBP_LIBOR,Yield_Curve,13Y,4.5518,75,COPULA,SOD,1,
376,8329,GBP_LIBOR,Yield_Curve,14Y,0.6728,76,BS,SOD,1,
377,3085,GBP_LIBOR,Yield_Curve,15Y,3.1535,77,BS,SOD,1,
378,79549,GBP_LIBOR,Yield_Curve,16Y,5.5934,78,BS,SOD,1,
379,79589,GBP_LIBOR,Yield_Curve,17Y,2.2544,79,BS,SOD,1,
380,78064,GBP_LIBOR,Yield_Curve,18Y,2.393,80,BS,SOD,1,
381,95881,GBP_LIBOR,Yield_Curve,19Y,2.2456,81,MC,SOD,1,
382,36997,GBP_LIBOR,Yield_Curve,20Y,1.7648,82,MC,SOD,1,
383,90088,GBP_LIBOR,Yield_Curve,21Y,4.0682,83,MC,SOD,1,
384,60972,GBP_LIBOR,Yield_Curve,22Y,4.0527,84,MC,SOD,1,
385,77544,GBP_LIBOR,Yield_Curve,23Y,2.0893,85,MC,SOD,1,
386,80361,GBP_LIBOR,Yield_Curve,24Y,4.8206,86,IMTU,SOD,1,
387,22217,GBP_LIBOR,Yield_Curve,25Y,0.6228,87,IMTU,SOD,1,
388,48183,GBP_LIBOR,Yield_Curve,26Y,0.5789,88,IMTU,SOD,1,
389,51339,GBP_LIBOR,Yield_Curve,27Y,5.2457,89,IMTU,SOD,1,
390,85011,GBP_LIBOR,Yield_Curve,28Y,2.1746,90,IMTU,SOD,1,
391,94679,GBP_LIBOR,Yield_Curve,29Y,0.014,91,BS,SOD,1,
392,28025,GBP_LIBOR,Yield_Curve,30Y,4.7647,92,BS,SOD,1,
393,39750,GBP_LIBOR,Yield_Curve,31Y,2.1821,93,BS,SOD,1,
394,95302,GBP_LIBOR,Yield_Curve,32Y,4.2457,94,BS,SOD,1,
395,19453,GBP_LIBOR,Yield_Curve,33Y,1.1151,95,BS,SOD,1,
396,66049,GBP_LIBOR,Yield_Curve,34Y,4.679,96,PARA,SOD,1,
397,74831,GBP_LIBOR,Yield_Curve,35Y,1.7711,97,PARA,SOD,1,
398,46458,GBP_LIBOR,Yield_Curve,40Y,6.2244,98,PARA,SOD,1,
399,38622,GBP_LIBOR,Yield_Curve,50Y,2.0034,99,PARA,SOD,1,
400,59964,GBP_LIBOR,Yield_Curve,60Y,4.1601,100,PARA,SOD,1,
401,85088,AUD_LIBOR,Yield_Curve,1D,5.3405,1,SABR,SOD,1,
402,76214,AUD_LIBOR,Yield_Curve,2D,5.889,2,SABR,SOD,1,
403,52495,AUD_LIBOR,Yield_Curve,3D,0.7198,3,SABR,SOD,1,
404,18259,AUD_LIBOR,Yield_Curve,1W,2.0667,4,SABR,SOD,1,
405,34241,AUD_LIBOR,Yield_Curve,2W,5.8001,5,SABR,SOD,1,
406,77301,AUD_LIBOR,Yield_Curve,3W,4.3866,6,BS,SOD,1,
407,70879,AUD_LIBOR,Yield_Curve,1M,1.3642,7,BS,SOD,1,
408,78483,AUD_LIBOR,Yield_Curve,2M,2.8613,8,BS,SOD,1,
409,11760,AUD_LIBOR,Yield_Curve,3M,2.6891,9,BS,SOD,1,
410,921,AUD_LIBOR,Yield_Curve,4M,3.2896,10,BS,SOD,1,
411,24205,AUD_LIBOR,Yield_Curve,5M,4.2814,11,COPULA,SOD,1,
412,65949,AUD_LIBOR,Yield_Curve,6M,5.1805,12,COPULA,SOD,1,
413,50787,AUD_LIBOR,Yield_Curve,7M,0.1283,13,COPULA,SOD,1,
414,70867,AUD_LIBOR,Yield_Curve,8M,4.7714,14,COPULA,SOD,1,
415,79561,AUD_LIBOR,Yield_Curve,9M,1.3132,15,COPULA,SOD,1,
416,33458,AUD_LIBOR,Yield_Curve,10M,0.2889,16,PARA,SOD,1,
417,88118,AUD_LIBOR,Yield_Curve,11M,5.935,17,PARA,SOD,1,
418,7069,AUD_LIBOR,Yield_Curve,1Y,4.9435,18,PARA,SOD,1,
419,37664,AUD_LIBOR,Yield_Curve,13M,3.6013,19,PARA,SOD,1,
420,47282,AUD_LIBOR,Yield_Curve,14M,1.5676,20,PARA,SOD,1,
421,542,AUD_LIBOR,Yield_Curve,14M,4.6455,21,MC,SOD,1,
422,95411,AUD_LIBOR,Yield_Curve,15M,4.1805,22,MC,SOD,1,
423,14905,AUD_LIBOR,Yield_Curve,16M,2.0726,23,MC,SOD,1,
424,91593,AUD_LIBOR,Yield_Curve,17M,1.2154,24,MC,SOD,1,
425,35920,AUD_LIBOR,Yield_Curve,18M,2.5584,25,MC,SOD,1,
426,91427,AUD_LIBOR,Yield_Curve,19M,4.227,26,BASE,SOD,1,
427,24658,AUD_LIBOR,Yield_Curve,20M,1.8065,27,BASE,SOD,1,
428,57683,AUD_LIBOR,Yield_Curve,21M,1.0076,28,BASE,SOD,1,
429,2464,AUD_LIBOR,Yield_Curve,22M,3.8398,29,BASE,SOD,1,
430,20809,AUD_LIBOR,Yield_Curve,23M,0.176,30,BASE,SOD,1,
431,71709,AUD_LIBOR,Yield_Curve,2Y,5.0988,31,MC,SOD,1,
432,29958,AUD_LIBOR,Yield_Curve,25M,5.3079,32,MC,SOD,1,
433,18794,AUD_LIBOR,Yield_Curve,26M,0.1064,33,MC,SOD,1,
434,89547,AUD_LIBOR,Yield_Curve,27M,4.2598,34,MC,SOD,1,
435,19016,AUD_LIBOR,Yield_Curve,28M,2.8361,35,MC,SOD,1,
436,11292,AUD_LIBOR,Yield_Curve,29M,0.623,36,BS,SOD,1,
437,65476,AUD_LIBOR,Yield_Curve,30M,3.9711,37,BS,SOD,1,
438,97821,AUD_LIBOR,Yield_Curve,31M,2.7146,38,BS,SOD,1,
439,31661,AUD_LIBOR,Yield_Curve,32M,4.0901,39,BS,SOD,1,
440,59091,AUD_LIBOR,Yield_Curve,33M,5.7646,40,BS,SOD,1,
441,99056,AUD_LIBOR,Yield_Curve,34M,6.1338,41,COPULA,SOD,1,
442,57667,AUD_LIBOR,Yield_Curve,35M,3.5018,42,COPULA,SOD,1,
443,30411,AUD_LIBOR,Yield_Curve,3Y,3.9964,43,COPULA,SOD,1,
444,42617,AUD_LIBOR,Yield_Curve,37M,1.9659,44,COPULA,SOD,1,
445,16649,AUD_LIBOR,Yield_Curve,38M,2.3889,45,COPULA,SOD,1,
446,58699,AUD_LIBOR,Yield_Curve,39M,1.4691,46,PARA,SOD,1,
447,87981,AUD_LIBOR,Yield_Curve,40M,5.0614,47,PARA,SOD,1,
448,7626,AUD_LIBOR,Yield_Curve,41M,0.6977,48,PARA,SOD,1,
449,59277,AUD_LIBOR,Yield_Curve,42M,2.2392,49,PARA,SOD,1,
450,25240,AUD_LIBOR,Yield_Curve,43M,2.9406,50,PARA,SOD,1,
451,27104,AUD_LIBOR,Yield_Curve,44M,5.6093,51,PARA,SOD,1,
452,12980,AUD_LIBOR,Yield_Curve,45M,5.2283,52,PARA,SOD,1,
453,77862,AUD_LIBOR,Yield_Curve,46M,0.5841,53,PARA,SOD,1,
454,89253,AUD_LIBOR,Yield_Curve,47M,5.8213,54,PARA,SOD,1,
455,53780,AUD_LIBOR,Yield_Curve,4Y,0.4759,55,PARA,SOD,1,
456,77939,AUD_LIBOR,Yield_Curve,49M,2.6661,56,BASE,SOD,1,
457,27756,AUD_LIBOR,Yield_Curve,50M,3.5744,57,BASE,SOD,1,
458,6006,AUD_LIBOR,Yield_Curve,51M,6.1155,58,BASE,SOD,1,
459,48065,AUD_LIBOR,Yield_Curve,52M,2.7812,59,BASE,SOD,1,
460,90471,AUD_LIBOR,Yield_Curve,53M,2.7644,60,BASE,SOD,1,
461,8495,AUD_LIBOR,Yield_Curve,54M,3.8813,61,COPULA,SOD,1,
462,41452,AUD_LIBOR,Yield_Curve,55M,0.0361,62,COPULA,SOD,1,
463,29853,AUD_LIBOR,Yield_Curve,56M,2.7088,63,COPULA,SOD,1,
464,43982,AUD_LIBOR,Yield_Curve,57M,2.7662,64,COPULA,SOD,1,
465,33646,AUD_LIBOR,Yield_Curve,58M,2.1902,65,COPULA,SOD,1,
466,30612,AUD_LIBOR,Yield_Curve,59M,5.4839,66,IMTU,SOD,1,
467,42772,AUD_LIBOR,Yield_Curve,5Y,2.3669,67,IMTU,SOD,1,
468,70274,AUD_LIBOR,Yield_Curve,6Y,5.5844,68,IMTU,SOD,1,
469,83190,AUD_LIBOR,Yield_Curve,7Y,4.4005,69,IMTU,SOD,1,
470,68537,AUD_LIBOR,Yield_Curve,8Y,2.581,70,IMTU,SOD,1,
471,93496,AUD_LIBOR,Yield_Curve,9Y,2.9173,71,BS,SOD,1,
472,61571,AUD_LIBOR,Yield_Curve,10Y,5.3886,72,BS,SOD,1,
473,73301,AUD_LIBOR,Yield_Curve,11Y,1.1519,73,BS,SOD,1,
474,83287,AUD_LIBOR,Yield_Curve,12Y,5.615,74,BS,SOD,1,
475,15305,AUD_LIBOR,Yield_Curve,13Y,3.2362,75,BS,SOD,1,
476,1629,AUD_LIBOR,Yield_Curve,14Y,1.6191,76,BS,SOD,1,
477,31817,AUD_LIBOR,Yield_Curve,15Y,2.138,77,BS,SOD,1,
478,27869,AUD_LIBOR,Yield_Curve,16Y,4.7393,78,BS,SOD,1,
479,71947,AUD_LIBOR,Yield_Curve,17Y,2.5353,79,BS,SOD,1,
480,73802,AUD_LIBOR,Yield_Curve,18Y,5.8721,80,BS,SOD,1,
481,32047,AUD_LIBOR,Yield_Curve,19Y,0.6883,81,PARA,SOD,1,
482,2327,AUD_LIBOR,Yield_Curve,20Y,5.6313,82,PARA,SOD,1,
483,64852,AUD_LIBOR,Yield_Curve,21Y,6.0601,83,PARA,SOD,1,
484,46744,AUD_LIBOR,Yield_Curve,22Y,4.4325,84,PARA,SOD,1,
485,17379,AUD_LIBOR,Yield_Curve,23Y,5.934,85,PARA,SOD,1,
486,41017,AUD_LIBOR,Yield_Curve,24Y,4.5714,86,IMTU,SOD,1,
487,16376,AUD_LIBOR,Yield_Curve,25Y,1.7508,87,IMTU,SOD,1,
488,34697,AUD_LIBOR,Yield_Curve,26Y,4.0182,88,IMTU,SOD,1,
489,78457,AUD_LIBOR,Yield_Curve,27Y,3.6336,89,IMTU,SOD,1,
490,62850,AUD_LIBOR,Yield_Curve,28Y,5.136,90,IMTU,SOD,1,
491,54452,AUD_LIBOR,Yield_Curve,29Y,0.1918,91,BS,SOD,1,
492,54048,AUD_LIBOR,Yield_Curve,30Y,5.2352,92,BS,SOD,1,
493,8256,AUD_LIBOR,Yield_Curve,31Y,3.8112,93,BS,SOD,1,
494,58788,AUD_LIBOR,Yield_Curve,32Y,3.0781,94,BS,SOD,1,
495,89612,AUD_LIBOR,Yield_Curve,33Y,4.7313,95,BS,SOD,1,
496,45477,AUD_LIBOR,Yield_Curve,34Y,0.8727,96,PARA,SOD,1,
497,67410,AUD_LIBOR,Yield_Curve,35Y,0.1494,97,PARA,SOD,1,
498,85722,AUD_LIBOR,Yield_Curve,40Y,5.3075,98,PARA,SOD,1,
499,67684,AUD_LIBOR,Yield_Curve,50Y,1.9524,99,PARA,SOD,1,
500,28668,AUD_LIBOR,Yield_Curve,60Y,3.6767,100,PARA,SOD,1,
501,75054,CAD_LIBOR,Yield_Curve,1D,1.3611,1,PARA,SOD,1,
502,41854,CAD_LIBOR,Yield_Curve,2D,3.8719,2,PARA,SOD,1,
503,49545,CAD_LIBOR,Yield_Curve,3D,3.7148,3,PARA,SOD,1,
504,13472,CAD_LIBOR,Yield_Curve,1W,1.8469,4,PARA,SOD,1,
505,28449,CAD_LIBOR,Yield_Curve,2W,2.5942,5,PARA,SOD,1,
506,59731,CAD_LIBOR,Yield_Curve,3W,1.8569,6,BS,SOD,1,
507,10202,CAD_LIBOR,Yield_Curve,1M,3.2835,7,BS,SOD,1,
508,33153,CAD_LIBOR,Yield_Curve,2M,4.2193,8,BS,SOD,1,
509,51110,CAD_LIBOR,Yield_Curve,3M,0.9049,9,BS,SOD,1,
510,17323,CAD_LIBOR,Yield_Curve,4M,3.4778,10,BS,SOD,1,
511,11915,CAD_LIBOR,Yield_Curve,5M,3.7629,11,PARA,SOD,1,
512,85949,CAD_LIBOR,Yield_Curve,6M,6.2938,12,PARA,SOD,1,
513,21152,CAD_LIBOR,Yield_Curve,7M,6.242,13,PARA,SOD,1,
514,15403,CAD_LIBOR,Yield_Curve,8M,3.6377,14,PARA,SOD,1,
515,55987,CAD_LIBOR,Yield_Curve,9M,1.3639,15,PARA,SOD,1,
516,6021,CAD_LIBOR,Yield_Curve,10M,1.4685,16,IMTU,SOD,1,
517,43265,CAD_LIBOR,Yield_Curve,11M,4.1191,17,IMTU,SOD,1,
518,9474,CAD_LIBOR,Yield_Curve,1Y,0.8919,18,IMTU,SOD,1,
519,51434,CAD_LIBOR,Yield_Curve,13M,1.4318,19,IMTU,SOD,1,
520,48008,CAD_LIBOR,Yield_Curve,14M,0.2055,20,IMTU,SOD,1,
521,48343,CAD_LIBOR,Yield_Curve,14M,1.1769,21,SABR,SOD,1,
522,65765,CAD_LIBOR,Yield_Curve,15M,2.1795,22,SABR,SOD,1,
523,64134,CAD_LIBOR,Yield_Curve,16M,1.5146,23,SABR,SOD,1,
524,9023,CAD_LIBOR,Yield_Curve,17M,0.5474,24,SABR,SOD,1,
525,57318,CAD_LIBOR,Yield_Curve,18M,4.9742,25,SABR,SOD,1,
526,11739,CAD_LIBOR,Yield_Curve,19M,2.9249,26,SABR,SOD,1,
527,9017,CAD_LIBOR,Yield_Curve,20M,5.1793,27,SABR,SOD,1,
528,33164,CAD_LIBOR,Yield_Curve,21M,2.8636,28,SABR,SOD,1,
529,18918,CAD_LIBOR,Yield_Curve,22M,5.668,29,SABR,SOD,1,
530,53530,CAD_LIBOR,Yield_Curve,23M,3.544,30,SABR,SOD,1,
531,37068,CAD_LIBOR,Yield_Curve,2Y,1.9311,31,PARA,SOD,1,
532,45012,CAD_LIBOR,Yield_Curve,25M,4.7441,32,PARA,SOD,1,
533,89805,CAD_LIBOR,Yield_Curve,26M,1.0172,33,PARA,SOD,1,
534,66279,CAD_LIBOR,Yield_Curve,27M,3.9516,34,PARA,SOD,1,
535,28833,CAD_LIBOR,Yield_Curve,28M,3.5035,35,PARA,SOD,1,
536,96807,CAD_LIBOR,Yield_Curve,29M,2.4383,36,COPULA,SOD,1,
537,80322,CAD_LIBOR,Yield_Curve,30M,2.462,37,COPULA,SOD,1,
538,76860,CAD_LIBOR,Yield_Curve,31M,5.5647,38,COPULA,SOD,1,
539,44266,CAD_LIBOR,Yield_Curve,32M,0.8385,39,COPULA,SOD,1,
540,3657,CAD_LIBOR,Yield_Curve,33M,5.8494,40,COPULA,SOD,1,
541,49816,CAD_LIBOR,Yield_Curve,34M,5.5444,41,COPULA,SOD,1,
542,77270,CAD_LIBOR,Yield_Curve,35M,5.6534,42,COPULA,SOD,1,
543,28442,CAD_LIBOR,Yield_Curve,3Y,2.3831,43,COPULA,SOD,1,
544,34136,CAD_LIBOR,Yield_Curve,37M,4.8832,44,COPULA,SOD,1,
545,9966,CAD_LIBOR,Yield_Curve,38M,0.1332,45,COPULA,SOD,1,
546,6870,CAD_LIBOR,Yield_Curve,39M,3.7213,46,COPULA,SOD,1,
547,50431,CAD_LIBOR,Yield_Curve,40M,6.1253,47,COPULA,SOD,1,
548,35940,CAD_LIBOR,Yield_Curve,41M,2.9004,48,COPULA,SOD,1,
549,35543,CAD_LIBOR,Yield_Curve,42M,1.2465,49,COPULA,SOD,1,
550,47197,CAD_LIBOR,Yield_Curve,43M,3.293,50,COPULA,SOD,1,
551,82879,CAD_LIBOR,Yield_Curve,44M,2.7733,51,COPULA,SOD,1,
552,18805,CAD_LIBOR,Yield_Curve,45M,2.1254,52,COPULA,SOD,1,
553,47306,CAD_LIBOR,Yield_Curve,46M,0.3253,53,COPULA,SOD,1,
554,37547,CAD_LIBOR,Yield_Curve,47M,2.6655,54,COPULA,SOD,1,
555,30276,CAD_LIBOR,Yield_Curve,4Y,3.3274,55,COPULA,SOD,1,
556,71773,CAD_LIBOR,Yield_Curve,49M,5.1356,56,IMTU,SOD,1,
557,8966,CAD_LIBOR,Yield_Curve,50M,5.0561,57,IMTU,SOD,1,
558,81848,CAD_LIBOR,Yield_Curve,51M,2.4801,58,IMTU,SOD,1,
559,65603,CAD_LIBOR,Yield_Curve,52M,5.0465,59,IMTU,SOD,1,
560,73364,CAD_LIBOR,Yield_Curve,53M,1.0024,60,IMTU,SOD,1,
561,95200,CAD_LIBOR,Yield_Curve,54M,5.8609,61,IMTU,SOD,1,
562,11589,CAD_LIBOR,Yield_Curve,55M,5.4302,62,IMTU,SOD,1,
563,42789,CAD_LIBOR,Yield_Curve,56M,2.1759,63,IMTU,SOD,1,
564,59935,CAD_LIBOR,Yield_Curve,57M,2.8923,64,IMTU,SOD,1,
565,83694,CAD_LIBOR,Yield_Curve,58M,5.6038,65,IMTU,SOD,1,
566,17820,CAD_LIBOR,Yield_Curve,59M,0.2332,66,MC,SOD,1,
567,65674,CAD_LIBOR,Yield_Curve,5Y,0.1041,67,MC,SOD,1,
568,37426,CAD_LIBOR,Yield_Curve,6Y,6.188,68,MC,SOD,1,
569,79071,CAD_LIBOR,Yield_Curve,7Y,2.9685,69,MC,SOD,1,
570,38438,CAD_LIBOR,Yield_Curve,8Y,2.8889,70,MC,SOD,1,
571,7238,CAD_LIBOR,Yield_Curve,9Y,4.3737,71,BS,SOD,1,
572,24741,CAD_LIBOR,Yield_Curve,10Y,2.4853,72,BS,SOD,1,
573,18208,CAD_LIBOR,Yield_Curve,11Y,5.9174,73,BS,SOD,1,
574,2593,CAD_LIBOR,Yield_Curve,12Y,3.594,74,BS,SOD,1,
575,76530,CAD_LIBOR,Yield_Curve,13Y,1.4219,75,BS,SOD,1,
576,19894,CAD_LIBOR,Yield_Curve,14Y,0.0813,76,MC,SOD,1,
577,57224,CAD_LIBOR,Yield_Curve,15Y,1.486,77,MC,SOD,1,
578,35107,CAD_LIBOR,Yield_Curve,16Y,2.4588,78,MC,SOD,1,
579,69055,CAD_LIBOR,Yield_Curve,17Y,2.6693,79,MC,SOD,1,
580,34929,CAD_LIBOR,Yield_Curve,18Y,0.554,80,MC,SOD,1,
581,19068,CAD_LIBOR,Yield_Curve,19Y,1.1726,81,BASE,SOD,1,
582,30425,CAD_LIBOR,Yield_Curve,20Y,4.6885,82,BASE,SOD,1,
583,61169,CAD_LIBOR,Yield_Curve,21Y,0.4379,83,BASE,SOD,1,
584,72541,CAD_LIBOR,Yield_Curve,22Y,3.7757,84,BASE,SOD,1,
585,26559,CAD_LIBOR,Yield_Curve,23Y,3.0624,85,BASE,SOD,1,
586,20060,CAD_LIBOR,Yield_Curve,24Y,3.4619,86,BS,SOD,1,
587,75327,CAD_LIBOR,Yield_Curve,25Y,5.407,87,BS,SOD,1,
588,15090,CAD_LIBOR,Yield_Curve,26Y,2.702,88,BS,SOD,1,
589,4957,CAD_LIBOR,Yield_Curve,27Y,4.1019,89,BS,SOD,1,
590,26251,CAD_LIBOR,Yield_Curve,28Y,1.8238,90,BS,SOD,1,
591,79854,CAD_LIBOR,Yield_Curve,29Y,0.2895,91,PARA,SOD,1,
592,17792,CAD_LIBOR,Yield_Curve,30Y,5.376,92,PARA,SOD,1,
593,6345,CAD_LIBOR,Yield_Curve,31Y,2.4954,93,PARA,SOD,1,
594,39369,CAD_LIBOR,Yield_Curve,32Y,6.4262,94,PARA,SOD,1,
595,78081,CAD_LIBOR,Yield_Curve,33Y,2.6387,95,PARA,SOD,1,
596,9383,CAD_LIBOR,Yield_Curve,34Y,5.0958,96,BASE,SOD,1,
597,66902,CAD_LIBOR,Yield_Curve,35Y,4.8975,97,BASE,SOD,1,
598,9552,CAD_LIBOR,Yield_Curve,40Y,5.2803,98,BASE,SOD,1,
599,12936,CAD_LIBOR,Yield_Curve,50Y,5.7997,99,BASE,SOD,1,
600,16368,CAD_LIBOR,Yield_Curve,60Y,2.7703,100,BASE,SOD,1,
601,54712,CHF_LIBOR,Yield_Curve,1D,2.6591,1,BASE,SOD,1,
602,75371,CHF_LIBOR,Yield_Curve,2D,0.9788,2,BASE,SOD,1,
603,86695,CHF_LIBOR,Yield_Curve,3D,5.4993,3,BASE,SOD,1,
604,16483,CHF_LIBOR,Yield_Curve,1W,5.9365,4,BASE,SOD,1,
605,38687,CHF_LIBOR,Yield_Curve,2W,4.1927,5,BASE,SOD,1,
606,52148,CHF_LIBOR,Yield_Curve,3W,0.0487,6,SABR,SOD,1,
607,1040,CHF_LIBOR,Yield_Curve,1M,3.9363,7,SABR,SOD,1,
608,55250,CHF_LIBOR,Yield_Curve,2M,0.5969,8,SABR,SOD,1,
609,36629,CHF_LIBOR,Yield_Curve,3M,4.6947,9,SABR,SOD,1,
610,20235,CHF_LIBOR,Yield_Curve,4M,1.811,10,SABR,SOD,1,
611,38892,CHF_LIBOR,Yield_Curve,5M,1.1969,11,COPULA,SOD,1,
612,86718,CHF_LIBOR,Yield_Curve,6M,4.7237,12,COPULA,SOD,1,
613,44682,CHF_LIBOR,Yield_Curve,7M,1.6408,13,COPULA,SOD,1,
614,46465,CHF_LIBOR,Yield_Curve,8M,0.3186,14,COPULA,SOD,1,
615,34900,CHF_LIBOR,Yield_Curve,9M,4.5452,15,COPULA,SOD,1,
616,46010,CHF_LIBOR,Yield_Curve,10M,6.2854,16,PARA,SOD,1,
617,303,CHF_LIBOR,Yield_Curve,11M,2.8596,17,PARA,SOD,1,
618,80694,CHF_LIBOR,Yield_Curve,1Y,5.7931,18,PARA,SOD,1,
619,25035,CHF_LIBOR,Yield_Curve,13M,0.8932,19,PARA,SOD,1,
620,21679,CHF_LIBOR,Yield_Curve,14M,6.2984,20,PARA,SOD,1,
621,2210,CHF_LIBOR,Yield_Curve,14M,1.4592,21,BASE,SOD,1,
622,23459,CHF_LIBOR,Yield_Curve,15M,5.522,22,BASE,SOD,1,
623,52618,CHF_LIBOR,Yield_Curve,16M,0.1306,23,BASE,SOD,1,
624,72404,CHF_LIBOR,Yield_Curve,17M,4.7568,24,BASE,SOD,1,
625,93732,CHF_LIBOR,Yield_Curve,18M,3.9756,25,BASE,SOD,1,
626,41937,CHF_LIBOR,Yield_Curve,19M,3.3494,26,PARA,SOD,1,
627,11268,CHF_LIBOR,Yield_Curve,20M,2.9866,27,PARA,SOD,1,
628,95328,CHF_LIBOR,Yield_Curve,21M,3.4966,28,PARA,SOD,1,
629,9290,CHF_LIBOR,Yield_Curve,22M,0.2472,29,PARA,SOD,1,
630,95594,CHF_LIBOR,Yield_Curve,23M,2.4905,30,PARA,SOD,1,
631,52392,CHF_LIBOR,Yield_Curve,2Y,2.4289,31,BS,SOD,1,
632,83795,CHF_LIBOR,Yield_Curve,25M,3.7586,32,BS,SOD,1,
633,93476,CHF_LIBOR,Yield_Curve,26M,3.7147,33,BS,SOD,1,
634,67736,CHF_LIBOR,Yield_Curve,27M,6.3916,34,BS,SOD,1,
635,96806,CHF_LIBOR,Yield_Curve,28M,5.795,35,BS,SOD,1,
636,78571,CHF_LIBOR,Yield_Curve,29M,2.4316,36,IMTU,SOD,1,
637,51713,CHF_LIBOR,Yield_Curve,30M,1.5054,37,IMTU,SOD,1,
638,98992,CHF_LIBOR,Yield_Curve,31M,1.5869,38,IMTU,SOD,1,
639,84655,CHF_LIBOR,Yield_Curve,32M,2.5378,39,IMTU,SOD,1,
640,23529,CHF_LIBOR,Yield_Curve,33M,4.5322,40,IMTU,SOD,1,
641,52573,CHF_LIBOR,Yield_Curve,34M,4.7547,41,BASE,SOD,1,
642,42979,CHF_LIBOR,Yield_Curve,35M,2.8659,42,BASE,SOD,1,
643,76202,CHF_LIBOR,Yield_Curve,3Y,0.7129,43,BASE,SOD,1,
644,63648,CHF_LIBOR,Yield_Curve,37M,2.5024,44,BASE,SOD,1,
645,71371,CHF_LIBOR,Yield_Curve,38M,3.5823,45,BASE,SOD,1,
646,61938,CHF_LIBOR,Yield_Curve,39M,1.8299,46,PARA,SOD,1,
647,16106,CHF_LIBOR,Yield_Curve,40M,2.1875,47,PARA,SOD,1,
648,58344,CHF_LIBOR,Yield_Curve,41M,4.5961,48,PARA,SOD,1,
649,5811,CHF_LIBOR,Yield_Curve,42M,1.143,49,PARA,SOD,1,
650,2083,CHF_LIBOR,Yield_Curve,43M,0.6945,50,PARA,SOD,1,
651,16630,CHF_LIBOR,Yield_Curve,44M,5.3662,51,MC,SOD,1,
652,65437,CHF_LIBOR,Yield_Curve,45M,2.451,52,MC,SOD,1,
653,66023,CHF_LIBOR,Yield_Curve,46M,4.5325,53,MC,SOD,1,
654,72842,CHF_LIBOR,Yield_Curve,47M,4.3811,54,MC,SOD,1,
655,14143,CHF_LIBOR,Yield_Curve,4Y,5.8869,55,MC,SOD,1,
656,41879,CHF_LIBOR,Yield_Curve,49M,2.9696,56,BASE,SOD,1,
657,88496,CHF_LIBOR,Yield_Curve,50M,2.6873,57,BASE,SOD,1,
658,89154,CHF_LIBOR,Yield_Curve,51M,1.9094,58,BASE,SOD,1,
659,81280,CHF_LIBOR,Yield_Curve,52M,2.4827,59,BASE,SOD,1,
660,19692,CHF_LIBOR,Yield_Curve,53M,3.4776,60,BASE,SOD,1,
661,59595,CHF_LIBOR,Yield_Curve,54M,6.4266,61,COPULA,SOD,1,
662,69784,CHF_LIBOR,Yield_Curve,55M,2.6547,62,COPULA,SOD,1,
663,94996,CHF_LIBOR,Yield_Curve,56M,4.0779,63,COPULA,SOD,1,
664,49007,CHF_LIBOR,Yield_Curve,57M,2.2638,64,COPULA,SOD,1,
665,63857,CHF_LIBOR,Yield_Curve,58M,0.9245,65,COPULA,SOD,1,
666,92945,CHF_LIBOR,Yield_Curve,59M,6.2542,66,COPULA,SOD,1,
667,53869,CHF_LIBOR,Yield_Curve,5Y,1.1126,67,COPULA,SOD,1,
668,38561,CHF_LIBOR,Yield_Curve,6Y,1.1959,68,COPULA,SOD,1,
669,29153,CHF_LIBOR,Yield_Curve,7Y,3.2428,69,COPULA,SOD,1,
670,90956,CHF_LIBOR,Yield_Curve,8Y,0.5472,70,COPULA,SOD,1,
671,42784,CHF_LIBOR,Yield_Curve,9Y,3.7326,71,BASE,SOD,1,
672,1088,CHF_LIBOR,Yield_Curve,10Y,4.6927,72,BASE,SOD,1,
673,23589,CHF_LIBOR,Yield_Curve,11Y,6.3315,73,BASE,SOD,1,
674,90411,CHF_LIBOR,Yield_Curve,12Y,2.9748,74,BASE,SOD,1,
675,20386,CHF_LIBOR,Yield_Curve,13Y,6.1682,75,BASE,SOD,1,
676,33622,CHF_LIBOR,Yield_Curve,14Y,0.9444,76,COPULA,SOD,1,
677,9534,CHF_LIBOR,Yield_Curve,15Y,5.5399,77,COPULA,SOD,1,
678,19683,CHF_LIBOR,Yield_Curve,16Y,0.1726,78,COPULA,SOD,1,
679,52213,CHF_LIBOR,Yield_Curve,17Y,0.7161,79,COPULA,SOD,1,
680,91270,CHF_LIBOR,Yield_Curve,18Y,1.6788,80,COPULA,SOD,1,
681,18384,CHF_LIBOR,Yield_Curve,19Y,3.8322,81,BASE,SOD,1,
682,15957,CHF_LIBOR,Yield_Curve,20Y,5.2402,82,BASE,SOD,1,
683,61753,CHF_LIBOR,Yield_Curve,21Y,0.9471,83,BASE,SOD,1,
684,5371,CHF_LIBOR,Yield_Curve,22Y,3.3801,84,BASE,SOD,1,
685,33067,CHF_LIBOR,Yield_Curve,23Y,2.0615,85,BASE,SOD,1,
686,9636,CHF_LIBOR,Yield_Curve,24Y,3.9315,86,BASE,SOD,1,
687,74309,CHF_LIBOR,Yield_Curve,25Y,1.6048,87,BASE,SOD,1,
688,10994,CHF_LIBOR,Yield_Curve,26Y,3.9486,88,BASE,SOD,1,
689,51957,CHF_LIBOR,Yield_Curve,27Y,6.0732,89,BASE,SOD,1,
690,49468,CHF_LIBOR,Yield_Curve,28Y,3.608,90,BASE,SOD,1,
691,89408,CHF_LIBOR,Yield_Curve,29Y,3.1549,91,MC,SOD,1,
692,91318,CHF_LIBOR,Yield_Curve,30Y,3.4843,92,MC,SOD,1,
693,12153,CHF_LIBOR,Yield_Curve,31Y,4.6197,93,MC,SOD,1,
694,22663,CHF_LIBOR,Yield_Curve,32Y,4.7768,94,MC,SOD,1,
695,39917,CHF_LIBOR,Yield_Curve,33Y,1.4739,95,MC,SOD,1,
696,62855,CHF_LIBOR,Yield_Curve,34Y,6.1991,96,PARA,SOD,1,
697,73690,CHF_LIBOR,Yield_Curve,35Y,3.8927,97,PARA,SOD,1,
698,16484,CHF_LIBOR,Yield_Curve,40Y,0.5909,98,PARA,SOD,1,
699,69077,CHF_LIBOR,Yield_Curve,50Y,6.044,99,PARA,SOD,1,
700,92597,CHF_LIBOR,Yield_Curve,60Y,2.973,100,PARA,SOD,1,
701,68462,KRW_LIBOR,Yield_Curve,1D,1.6035,1,SABR,SOD,1,
702,53429,KRW_LIBOR,Yield_Curve,2D,2.3397,2,SABR,SOD,1,
703,79825,KRW_LIBOR,Yield_Curve,3D,0.6951,3,SABR,SOD,1,
704,13500,KRW_LIBOR,Yield_Curve,1W,3.3665,4,SABR,SOD,1,
705,53655,KRW_LIBOR,Yield_Curve,2W,4.4981,5,SABR,SOD,1,
706,33886,KRW_LIBOR,Yield_Curve,3W,6.0114,6,COPULA,SOD,1,
707,57089,KRW_LIBOR,Yield_Curve,1M,1.4987,7,COPULA,SOD,1,
708,8993,KRW_LIBOR,Yield_Curve,2M,0.8708,8,COPULA,SOD,1,
709,27912,KRW_LIBOR,Yield_Curve,3M,5.4275,9,COPULA,SOD,1,
710,10693,KRW_LIBOR,Yield_Curve,4M,5.151,10,COPULA,SOD,1,
711,94247,KRW_LIBOR,Yield_Curve,5M,5.5778,11,BS,SOD,1,
712,72456,KRW_LIBOR,Yield_Curve,6M,1.4945,12,BS,SOD,1,
713,66708,KRW_LIBOR,Yield_Curve,7M,2.8099,13,BS,SOD,1,
714,12315,KRW_LIBOR,Yield_Curve,8M,1.9891,14,BS,SOD,1,
715,63455,KRW_LIBOR,Yield_Curve,9M,3.5567,15,BS,SOD,1,
716,32474,KRW_LIBOR,Yield_Curve,10M,0.2203,16,BASE,SOD,1,
717,2508,KRW_LIBOR,Yield_Curve,11M,2.141,17,BASE,SOD,1,
718,16629,KRW_LIBOR,Yield_Curve,1Y,0.863,18,BASE,SOD,1,
719,62478,KRW_LIBOR,Yield_Curve,13M,2.2448,19,BASE,SOD,1,
720,15967,KRW_LIBOR,Yield_Curve,14M,4.0407,20,BASE,SOD,1,
721,84480,KRW_LIBOR,Yield_Curve,14M,0.7621,21,COPULA,SOD,1,
722,35659,KRW_LIBOR,Yield_Curve,15M,4.7106,22,COPULA,SOD,1,
723,40925,KRW_LIBOR,Yield_Curve,16M,0.4738,23,COPULA,SOD,1,
724,13545,KRW_LIBOR,Yield_Curve,17M,3.776,24,COPULA,SOD,1,
725,69607,KRW_LIBOR,Yield_Curve,18M,5.8811,25,COPULA,SOD,1,
726,56119,KRW_LIBOR,Yield_Curve,19M,5.6387,26,BS,SOD,1,
727,82954,KRW_LIBOR,Yield_Curve,20M,5.0214,27,BS,SOD,1,
728,12724,KRW_LIBOR,Yield_Curve,21M,3.8279,28,BS,SOD,1,
729,81148,KRW_LIBOR,Yield_Curve,22M,2.8242,29,BS,SOD,1,
730,39132,KRW_LIBOR,Yield_Curve,23M,1.9721,30,BS,SOD,1,
731,6677,KRW_LIBOR,Yield_Curve,2Y,0.0761,31,BASE,SOD,1,
732,44006,KRW_LIBOR,Yield_Curve,25M,1.76,32,BASE,SOD,1,
733,20899,KRW_LIBOR,Yield_Curve,26M,5.7348,33,BASE,SOD,1,
734,41678,KRW_LIBOR,Yield_Curve,27M,2.1387,34,BASE,SOD,1,
735,61341,KRW_LIBOR,Yield_Curve,28M,3.3867,35,BASE,SOD,1,
736,18780,KRW_LIBOR,Yield_Curve,29M,0.8546,36,SABR,SOD,1,
737,68170,KRW_LIBOR,Yield_Curve,30M,4.9672,37,SABR,SOD,1,
738,2205,KRW_LIBOR,Yield_Curve,31M,0.4791,38,SABR,SOD,1,
739,71399,KRW_LIBOR,Yield_Curve,32M,2.2787,39,SABR,SOD,1,
740,34959,KRW_LIBOR,Yield_Curve,33M,4.8431,40,SABR,SOD,1,
741,6078,KRW_LIBOR,Yield_Curve,34M,1.4162,41,SABR,SOD,1,
742,26131,KRW_LIBOR,Yield_Curve,35M,6.3866,42,SABR,SOD,1,
743,74290,KRW_LIBOR,Yield_Curve,3Y,5.4786,43,SABR,SOD,1,
744,80940,KRW_LIBOR,Yield_Curve,37M,1.7133,44,SABR,SOD,1,
745,2220,KRW_LIBOR,Yield_Curve,38M,1.379,45,SABR,SOD,1,
746,50247,KRW_LIBOR,Yield_Curve,39M,3.2543,46,MC,SOD,1,
747,99592,KRW_LIBOR,Yield_Curve,40M,2.4308,47,MC,SOD,1,
748,78361,KRW_LIBOR,Yield_Curve,41M,4.1914,48,MC,SOD,1,
749,55340,KRW_LIBOR,Yield_Curve,42M,2.4954,49,MC,SOD,1,
750,67854,KRW_LIBOR,Yield_Curve,43M,2.2597,50,MC,SOD,1,
751,77765,KRW_LIBOR,Yield_Curve,44M,0.4667,51,COPULA,SOD,1,
752,99311,KRW_LIBOR,Yield_Curve,45M,1.0307,52,COPULA,SOD,1,
753,93732,KRW_LIBOR,Yield_Curve,46M,3.1858,53,COPULA,SOD,1,
754,50428,KRW_LIBOR,Yield_Curve,47M,5.1718,54,COPULA,SOD,1,
755,52430,KRW_LIBOR,Yield_Curve,4Y,5.2619,55,COPULA,SOD,1,
756,80480,KRW_LIBOR,Yield_Curve,49M,4.3057,56,BS,SOD,1,
757,53873,KRW_LIBOR,Yield_Curve,50M,1.7896,57,BS,SOD,1,
758,43521,KRW_LIBOR,Yield_Curve,51M,2.3606,58,BS,SOD,1,
759,46176,KRW_LIBOR,Yield_Curve,52M,2.1947,59,BS,SOD,1,
760,5799,KRW_LIBOR,Yield_Curve,53M,3.063,60,BS,SOD,1,
761,27884,KRW_LIBOR,Yield_Curve,54M,2.6482,61,PARA,SOD,1,
762,86186,KRW_LIBOR,Yield_Curve,55M,4.5868,62,PARA,SOD,1,
763,99484,KRW_LIBOR,Yield_Curve,56M,2.4108,63,PARA,SOD,1,
764,501,KRW_LIBOR,Yield_Curve,57M,1.6015,64,PARA,SOD,1,
765,31793,KRW_LIBOR,Yield_Curve,58M,0.0313,65,PARA,SOD,1,
766,48067,KRW_LIBOR,Yield_Curve,59M,2.2677,66,BASE,SOD,1,
767,46839,KRW_LIBOR,Yield_Curve,5Y,3.6998,67,BASE,SOD,1,
768,57400,KRW_LIBOR,Yield_Curve,6Y,2.6738,68,BASE,SOD,1,
769,31673,KRW_LIBOR,Yield_Curve,7Y,3.9652,69,BASE,SOD,1,
770,46587,KRW_LIBOR,Yield_Curve,8Y,0.3007,70,BASE,SOD,1,
771,49141,KRW_LIBOR,Yield_Curve,9Y,3.2934,71,IMTU,SOD,1,
772,56307,KRW_LIBOR,Yield_Curve,10Y,0.1039,72,IMTU,SOD,1,
773,7900,KRW_LIBOR,Yield_Curve,11Y,3.4286,73,IMTU,SOD,1,
774,35024,KRW_LIBOR,Yield_Curve,12Y,3.7686,74,IMTU,SOD,1,
775,72142,KRW_LIBOR,Yield_Curve,13Y,4.0728,75,IMTU,SOD,1,
776,6158,KRW_LIBOR,Yield_Curve,14Y,2.2199,76,COPULA,SOD,1,
777,15274,KRW_LIBOR,Yield_Curve,15Y,1.1084,77,COPULA,SOD,1,
778,31987,KRW_LIBOR,Yield_Curve,16Y,3.7647,78,COPULA,SOD,1,
779,7364,KRW_LIBOR,Yield_Curve,17Y,1.0399,79,COPULA,SOD,1,
780,81195,KRW_LIBOR,Yield_Curve,18Y,5.0401,80,COPULA,SOD,1,
781,63259,KRW_LIBOR,Yield_Curve,19Y,2.9901,81,COPULA,SOD,1,
782,10373,KRW_LIBOR,Yield_Curve,20Y,5.5429,82,COPULA,SOD,1,
783,28024,KRW_LIBOR,Yield_Curve,21Y,2.3876,83,COPULA,SOD,1,
784,76059,KRW_LIBOR,Yield_Curve,22Y,5.4262,84,COPULA,SOD,1,
785,1449,KRW_LIBOR,Yield_Curve,23Y,0.3633,85,COPULA,SOD,1,
786,53186,KRW_LIBOR,Yield_Curve,24Y,1.5356,86,PARA,SOD,1,
787,45048,KRW_LIBOR,Yield_Curve,25Y,0.063,87,PARA,SOD,1,
788,86313,KRW_LIBOR,Yield_Curve,26Y,5.4335,88,PARA,SOD,1,
789,2435,KRW_LIBOR,Yield_Curve,27Y,4.2943,89,PARA,SOD,1,
790,3246,KRW_LIBOR,Yield_Curve,28Y,5.4278,90,PARA,SOD,1,
791,97870,KRW_LIBOR,Yield_Curve,29Y,2.8671,91,COPULA,SOD,1,
792,30613,KRW_LIBOR,Yield_Curve,30Y,5.9972,92,COPULA,SOD,1,
793,53325,KRW_LIBOR,Yield_Curve,31Y,4.1841,93,COPULA,SOD,1,
794,71657,KRW_LIBOR,Yield_Curve,32Y,4.7283,94,COPULA,SOD,1,
795,13152,KRW_LIBOR,Yield_Curve,33Y,2.2507,95,COPULA,SOD,1,
796,993,KRW_LIBOR,Yield_Curve,34Y,5.516,96,IMTU,SOD,1,
797,54161,KRW_LIBOR,Yield_Curve,35Y,1.7248,97,IMTU,SOD,1,
798,69158,KRW_LIBOR,Yield_Curve,40Y,5.6592,98,IMTU,SOD,1,
799,72059,KRW_LIBOR,Yield_Curve,50Y,1.8604,99,IMTU,SOD,1,
800,8964,KRW_LIBOR,Yield_Curve,60Y,2.0998,100,IMTU,SOD,1,
801,52376,CNY_LIBOR,Yield_Curve,1D,0.3421,1,COPULA,SOD,1,
802,46030,CNY_LIBOR,Yield_Curve,2D,3.0571,2,COPULA,SOD,1,
803,5288,CNY_LIBOR,Yield_Curve,3D,2.5642,3,COPULA,SOD,1,
804,90676,CNY_LIBOR,Yield_Curve,1W,2.17,4,COPULA,SOD,1,
805,59235,CNY_LIBOR,Yield_Curve,2W,0.8484,5,COPULA,SOD,1,
806,69673,CNY_LIBOR,Yield_Curve,3W,3.7096,6,MC,SOD,1,
807,65570,CNY_LIBOR,Yield_Curve,1M,3.7904,7,MC,SOD,1,
808,56576,CNY_LIBOR,Yield_Curve,2M,2.2952,8,MC,SOD,1,
809,86166,CNY_LIBOR,Yield_Curve,3M,0.6183,9,MC,SOD,1,
810,90862,CNY_LIBOR,Yield_Curve,4M,6.0853,10,MC,SOD,1,
811,78848,CNY_LIBOR,Yield_Curve,5M,5.3807,11,IMTU,SOD,1,
812,76615,CNY_LIBOR,Yield_Curve,6M,5.4271,12,IMTU,SOD,1,
813,13414,CNY_LIBOR,Yield_Curve,7M,2.0598,13,IMTU,SOD,1,
814,92484,CNY_LIBOR,Yield_Curve,8M,1.7908,14,IMTU,SOD,1,
815,57846,CNY_LIBOR,Yield_Curve,9M,1.7644,15,IMTU,SOD,1,
816,37548,CNY_LIBOR,Yield_Curve,10M,5.1042,16,PARA,SOD,1,
817,40270,CNY_LIBOR,Yield_Curve,11M,6.0947,17,PARA,SOD,1,
818,15634,CNY_LIBOR,Yield_Curve,1Y,3.4715,18,PARA,SOD,1,
819,52479,CNY_LIBOR,Yield_Curve,13M,3.4507,19,PARA,SOD,1,
820,25924,CNY_LIBOR,Yield_Curve,14M,4.4436,20,PARA,SOD,1,
821,92132,CNY_LIBOR,Yield_Curve,14M,3.8597,21,PARA,SOD,1,
822,21379,CNY_LIBOR,Yield_Curve,15M,0.4313,22,PARA,SOD,1,
823,14588,CNY_LIBOR,Yield_Curve,16M,3.988,23,PARA,SOD,1,
824,19188,CNY_LIBOR,Yield_Curve,17M,1.3666,24,PARA,SOD,1,
825,50653,CNY_LIBOR,Yield_Curve,18M,4.3916,25,PARA,SOD,1,
826,59982,CNY_LIBOR,Yield_Curve,19M,6.4304,26,BASE,SOD,1,
827,30239,CNY_LIBOR,Yield_Curve,20M,5.6383,27,BASE,SOD,1,
828,32498,CNY_LIBOR,Yield_Curve,21M,5.4129,28,BASE,SOD,1,
829,42576,CNY_LIBOR,Yield_Curve,22M,5.6407,29,BASE,SOD,1,
830,4991,CNY_LIBOR,Yield_Curve,23M,5.1935,30,BASE,SOD,1,
831,36200,CNY_LIBOR,Yield_Curve,2Y,4.8265,31,SABR,SOD,1,
832,59641,CNY_LIBOR,Yield_Curve,25M,0.0891,32,SABR,SOD,1,
833,54465,CNY_LIBOR,Yield_Curve,26M,1.1999,33,SABR,SOD,1,
834,79929,CNY_LIBOR,Yield_Curve,27M,4.3418,34,SABR,SOD,1,
835,8261,CNY_LIBOR,Yield_Curve,28M,4.004,35,SABR,SOD,1,
836,95005,CNY_LIBOR,Yield_Curve,29M,4.1122,36,COPULA,SOD,1,
837,22278,CNY_LIBOR,Yield_Curve,30M,1.2247,37,COPULA,SOD,1,
838,12621,CNY_LIBOR,Yield_Curve,31M,3.6717,38,COPULA,SOD,1,
839,2974,CNY_LIBOR,Yield_Curve,32M,0.878,39,COPULA,SOD,1,
840,89123,CNY_LIBOR,Yield_Curve,33M,1.6026,40,COPULA,SOD,1,
841,38751,CNY_LIBOR,Yield_Curve,34M,4.7818,41,SABR,SOD,1,
842,2928,CNY_LIBOR,Yield_Curve,35M,3.0203,42,SABR,SOD,1,
843,84438,CNY_LIBOR,Yield_Curve,3Y,1.2453,43,SABR,SOD,1,
844,2559,CNY_LIBOR,Yield_Curve,37M,5.5261,44,SABR,SOD,1,
845,23523,CNY_LIBOR,Yield_Curve,38M,4.792,45,SABR,SOD,1,
846,66791,CNY_LIBOR,Yield_Curve,39M,2.4031,46,IMTU,SOD,1,
847,88762,CNY_LIBOR,Yield_Curve,40M,4.7731,47,IMTU,SOD,1,
848,22362,CNY_LIBOR,Yield_Curve,41M,0.2736,48,IMTU,SOD,1,
849,42104,CNY_LIBOR,Yield_Curve,42M,5.5284,49,IMTU,SOD,1,
850,56764,CNY_LIBOR,Yield_Curve,43M,5.1897,50,IMTU,SOD,1,
851,26581,CNY_LIBOR,Yield_Curve,44M,1.9892,51,BASE,SOD,1,
852,37943,CNY_LIBOR,Yield_Curve,45M,2.7438,52,BASE,SOD,1,
853,30621,CNY_LIBOR,Yield_Curve,46M,5.8897,53,BASE,SOD,1,
854,20798,CNY_LIBOR,Yield_Curve,47M,3.1332,54,BASE,SOD,1,
855,21361,CNY_LIBOR,Yield_Curve,4Y,5.1255,55,BASE,SOD,1,
856,43336,CNY_LIBOR,Yield_Curve,49M,2.9574,56,BASE,SOD,1,
857,18301,CNY_LIBOR,Yield_Curve,50M,1.4149,57,BASE,SOD,1,
858,46971,CNY_LIBOR,Yield_Curve,51M,5.5281,58,BASE,SOD,1,
859,9591,CNY_LIBOR,Yield_Curve,52M,4.2219,59,BASE,SOD,1,
860,40139,CNY_LIBOR,Yield_Curve,53M,3.9059,60,BASE,SOD,1,
861,23563,CNY_LIBOR,Yield_Curve,54M,5.6022,61,MC,SOD,1,
862,76468,CNY_LIBOR,Yield_Curve,55M,5.11,62,MC,SOD,1,
863,5793,CNY_LIBOR,Yield_Curve,56M,1.1762,63,MC,SOD,1,
864,79079,CNY_LIBOR,Yield_Curve,57M,2.3252,64,MC,SOD,1,
865,47768,CNY_LIBOR,Yield_Curve,58M,3.0946,65,MC,SOD,1,
866,98754,CNY_LIBOR,Yield_Curve,59M,4.6852,66,BS,SOD,1,
867,28263,CNY_LIBOR,Yield_Curve,5Y,1.1308,67,BS,SOD,1,
868,65952,CNY_LIBOR,Yield_Curve,6Y,1.1062,68,BS,SOD,1,
869,20963,CNY_LIBOR,Yield_Curve,7Y,3.7917,69,BS,SOD,1,
870,14876,CNY_LIBOR,Yield_Curve,8Y,5.8829,70,BS,SOD,1,
871,8494,CNY_LIBOR,Yield_Curve,9Y,1.4949,71,SABR,SOD,1,
872,68394,CNY_LIBOR,Yield_Curve,10Y,0.9246,72,SABR,SOD,1,
873,64075,CNY_LIBOR,Yield_Curve,11Y,5.501,73,SABR,SOD,1,
874,87854,CNY_LIBOR,Yield_Curve,12Y,3.1149,74,SABR,SOD,1,
875,18563,CNY_LIBOR,Yield_Curve,13Y,3.3272,75,SABR,SOD,1,
876,12124,CNY_LIBOR,Yield_Curve,14Y,1.9378,76,MC,SOD,1,
877,95122,CNY_LIBOR,Yield_Curve,15Y,5.3584,77,MC,SOD,1,
878,97556,CNY_LIBOR,Yield_Curve,16Y,1.2601,78,MC,SOD,1,
879,82750,CNY_LIBOR,Yield_Curve,17Y,2.826,79,MC,SOD,1,
880,68635,CNY_LIBOR,Yield_Curve,18Y,3.0061,80,MC,SOD,1,
881,16477,CNY_LIBOR,Yield_Curve,19Y,0.6395,81,BASE,SOD,1,
882,73896,CNY_LIBOR,Yield_Curve,20Y,4.0781,82,BASE,SOD,1,
883,44171,CNY_LIBOR,Yield_Curve,21Y,3.3699,83,BASE,SOD,1,
884,83141,CNY_LIBOR,Yield_Curve,22Y,6.1167,84,BASE,SOD,1,
885,42015,CNY_LIBOR,Yield_Curve,23Y,3.052,85,BASE,SOD,1,
886,50275,CNY_LIBOR,Yield_Curve,24Y,0.2428,86,BS,SOD,1,
887,1783,CNY_LIBOR,Yield_Curve,25Y,2.7996,87,BS,SOD,1,
888,77636,CNY_LIBOR,Yield_Curve,26Y,3.7688,88,BS,SOD,1,
889,48048,CNY_LIBOR,Yield_Curve,27Y,5.0871,89,BS,SOD,1,
890,2995,CNY_LIBOR,Yield_Curve,28Y,3.8834,90,BS,SOD,1,
891,55979,CNY_LIBOR,Yield_Curve,29Y,1.6534,91,COPULA,SOD,1,
892,56757,CNY_LIBOR,Yield_Curve,30Y,0.5637,92,COPULA,SOD,1,
893,74261,CNY_LIBOR,Yield_Curve,31Y,5.294,93,COPULA,SOD,1,
894,20203,CNY_LIBOR,Yield_Curve,32Y,5.0602,94,COPULA,SOD,1,
895,17471,CNY_LIBOR,Yield_Curve,33Y,1.863,95,COPULA,SOD,1,
896,90068,CNY_LIBOR,Yield_Curve,34Y,2.8556,96,BASE,SOD,1,
897,64899,CNY_LIBOR,Yield_Curve,35Y,3.9307,97,BASE,SOD,1,
898,510,CNY_LIBOR,Yield_Curve,40Y,6.3911,98,BASE,SOD,1,
899,26635,CNY_LIBOR,Yield_Curve,50Y,2.6365,99,BASE,SOD,1,
900,96938,CNY_LIBOR,Yield_Curve,60Y,5.8051,100,BASE,SOD,1,
901,56454,SEK_LIBOR,Yield_Curve,1D,5.6011,1,COPULA,SOD,1,
902,25871,SEK_LIBOR,Yield_Curve,2D,0.7505,2,COPULA,SOD,1,
903,34357,SEK_LIBOR,Yield_Curve,3D,1.4049,3,COPULA,SOD,1,
904,60915,SEK_LIBOR,Yield_Curve,1W,2.7405,4,COPULA,SOD,1,
905,16496,SEK_LIBOR,Yield_Curve,2W,1.8153,5,COPULA,SOD,1,
906,34648,SEK_LIBOR,Yield_Curve,3W,6.3395,6,BASE,SOD,1,
907,5725,SEK_LIBOR,Yield_Curve,1M,1.676,7,BASE,SOD,1,
908,13660,SEK_LIBOR,Yield_Curve,2M,1.5631,8,BASE,SOD,1,
909,10879,SEK_LIBOR,Yield_Curve,3M,3.8976,9,BASE,SOD,1,
910,79901,SEK_LIBOR,Yield_Curve,4M,6.2296,10,BASE,SOD,1,
911,78531,SEK_LIBOR,Yield_Curve,5M,3.57,11,SABR,SOD,1,
912,11103,SEK_LIBOR,Yield_Curve,6M,5.9279,12,SABR,SOD,1,
913,39783,SEK_LIBOR,Yield_Curve,7M,2.4279,13,SABR,SOD,1,
914,14607,SEK_LIBOR,Yield_Curve,8M,0.3955,14,SABR,SOD,1,
915,33951,SEK_LIBOR,Yield_Curve,9M,3.3676,15,SABR,SOD,1,
916,25445,SEK_LIBOR,Yield_Curve,10M,5.8122,16,COPULA,SOD,1,
917,42655,SEK_LIBOR,Yield_Curve,11M,4.554,17,COPULA,SOD,1,
918,80320,SEK_LIBOR,Yield_Curve,1Y,1.8337,18,COPULA,SOD,1,
919,81348,SEK_LIBOR,Yield_Curve,13M,4.3945,19,COPULA,SOD,1,
920,75919,SEK_LIBOR,Yield_Curve,14M,3.357,20,COPULA,SOD,1,
921,97052,SEK_LIBOR,Yield_Curve,14M,6.4058,21,BASE,SOD,1,
922,99895,SEK_LIBOR,Yield_Curve,15M,1.6431,22,BASE,SOD,1,
923,60189,SEK_LIBOR,Yield_Curve,16M,1.5066,23,BASE,SOD,1,
924,37072,SEK_LIBOR,Yield_Curve,17M,0.4305,24,BASE,SOD,1,
925,57525,SEK_LIBOR,Yield_Curve,18M,0.6745,25,BASE,SOD,1,
926,86200,SEK_LIBOR,Yield_Curve,19M,5.6529,26,MC,SOD,1,
927,93740,SEK_LIBOR,Yield_Curve,20M,2.9535,27,MC,SOD,1,
928,12166,SEK_LIBOR,Yield_Curve,21M,4.3371,28,MC,SOD,1,
929,99954,SEK_LIBOR,Yield_Curve,22M,3.4877,29,MC,SOD,1,
930,73522,SEK_LIBOR,Yield_Curve,23M,3.6574,30,MC,SOD,1,
931,31759,SEK_LIBOR,Yield_Curve,2Y,0.666,31,MC,SOD,1,
932,34736,SEK_LIBOR,Yield_Curve,25M,3.833,32,MC,SOD,1,
933,47323,SEK_LIBOR,Yield_Curve,26M,5.2543,33,MC,SOD,1,
934,91489,SEK_LIBOR,Yield_Curve,27M,6.4124,34,MC,SOD,1,
935,24334,SEK_LIBOR,Yield_Curve,28M,5.2867,35,MC,SOD,1,
936,21781,SEK_LIBOR,Yield_Curve,29M,1.771,36,IMTU,SOD,1,
937,32737,SEK_LIBOR,Yield_Curve,30M,6.3567,37,IMTU,SOD,1,
938,3169,SEK_LIBOR,Yield_Curve,31M,0.1289,38,IMTU,SOD,1,
939,98664,SEK_LIBOR,Yield_Curve,32M,5.1414,39,IMTU,SOD,1,
940,27046,SEK_LIBOR,Yield_Curve,33M,3.776,40,IMTU,SOD,1,
941,16308,SEK_LIBOR,Yield_Curve,34M,0.146,41,PARA,SOD,1,
942,78454,SEK_LIBOR,Yield_Curve,35M,0.8709,42,PARA,SOD,1,
943,71814,SEK_LIBOR,Yield_Curve,3Y,1.0913,43,PARA,SOD,1,
944,93347,SEK_LIBOR,Yield_Curve,37M,0.6237,44,PARA,SOD,1,
945,99571,SEK_LIBOR,Yield_Curve,38M,2.3763,45,PARA,SOD,1,
946,91534,SEK_LIBOR,Yield_Curve,39M,2.2942,46,BASE,SOD,1,
947,25260,SEK_LIBOR,Yield_Curve,40M,0.7281,47,BASE,SOD,1,
948,33044,SEK_LIBOR,Yield_Curve,41M,0.8237,48,BASE,SOD,1,
949,89507,SEK_LIBOR,Yield_Curve,42M,4.0165,49,BASE,SOD,1,
950,53211,SEK_LIBOR,Yield_Curve,43M,1.5268,50,BASE,SOD,1,
951,47302,SEK_LIBOR,Yield_Curve,44M,6.1394,51,MC,SOD,1,
952,64940,SEK_LIBOR,Yield_Curve,45M,0.2569,52,MC,SOD,1,
953,2419,SEK_LIBOR,Yield_Curve,46M,5.4299,53,MC,SOD,1,
954,40153,SEK_LIBOR,Yield_Curve,47M,0.0442,54,MC,SOD,1,
955,62937,SEK_LIBOR,Yield_Curve,4Y,1.4043,55,MC,SOD,1,
956,54528,SEK_LIBOR,Yield_Curve,49M,0.8669,56,COPULA,SOD,1,
957,79710,SEK_LIBOR,Yield_Curve,50M,3.1635,57,COPULA,SOD,1,
958,697,SEK_LIBOR,Yield_Curve,51M,2.0749,58,COPULA,SOD,1,
959,10162,SEK_LIBOR,Yield_Curve,52M,3.698,59,COPULA,SOD,1,
960,92600,SEK_LIBOR,Yield_Curve,53M,0.5057,60,COPULA,SOD,1,
961,78726,SEK_LIBOR,Yield_Curve,54M,4.0721,61,SABR,SOD,1,
962,38589,SEK_LIBOR,Yield_Curve,55M,1.3905,62,SABR,SOD,1,
963,57558,SEK_LIBOR,Yield_Curve,56M,0.0181,63,SABR,SOD,1,
964,72682,SEK_LIBOR,Yield_Curve,57M,6.0717,64,SABR,SOD,1,
965,95926,SEK_LIBOR,Yield_Curve,58M,3.4792,65,SABR,SOD,1,
966,68680,SEK_LIBOR,Yield_Curve,59M,3.6569,66,COPULA,SOD,1,
967,8203,SEK_LIBOR,Yield_Curve,5Y,4.4335,67,COPULA,SOD,1,
968,98820,SEK_LIBOR,Yield_Curve,6Y,4.0288,68,COPULA,SOD,1,
969,10642,SEK_LIBOR,Yield_Curve,7Y,3.6815,69,COPULA,SOD,1,
970,76251,SEK_LIBOR,Yield_Curve,8Y,2.2518,70,COPULA,SOD,1,
971,43251,SEK_LIBOR,Yield_Curve,9Y,3.8496,71,MC,SOD,1,
972,19486,SEK_LIBOR,Yield_Curve,10Y,1.9182,72,MC,SOD,1,
973,7012,SEK_LIBOR,Yield_Curve,11Y,5.0516,73,MC,SOD,1,
974,40355,SEK_LIBOR,Yield_Curve,12Y,1.5157,74,MC,SOD,1,
975,37509,SEK_LIBOR,Yield_Curve,13Y,1.3072,75,MC,SOD,1,
976,2770,SEK_LIBOR,Yield_Curve,14Y,4.1651,76,SABR,SOD,1,
977,23250,SEK_LIBOR,Yield_Curve,15Y,4.7707,77,SABR,SOD,1,
978,91431,SEK_LIBOR,Yield_Curve,16Y,5.8285,78,SABR,SOD,1,
979,14311,SEK_LIBOR,Yield_Curve,17Y,4.518,79,SABR,SOD,1,
980,78220,SEK_LIBOR,Yield_Curve,18Y,3.4787,80,SABR,SOD,1,
981,42113,SEK_LIBOR,Yield_Curve,19Y,4.6529,81,SABR,SOD,1,
982,88242,SEK_LIBOR,Yield_Curve,20Y,0.6873,82,SABR,SOD,1,
983,37547,SEK_LIBOR,Yield_Curve,21Y,4.1204,83,SABR,SOD,1,
984,48820,SEK_LIBOR,Yield_Curve,22Y,0.5832,84,SABR,SOD,1,
985,91454,SEK_LIBOR,Yield_Curve,23Y,3.2582,85,SABR,SOD,1,
986,23179,SEK_LIBOR,Yield_Curve,24Y,4.4264,86,PARA,SOD,1,
987,31605,SEK_LIBOR,Yield_Curve,25Y,3.2521,87,PARA,SOD,1,
988,5364,SEK_LIBOR,Yield_Curve,26Y,1.2819,88,PARA,SOD,1,
989,57684,SEK_LIBOR,Yield_Curve,27Y,3.2005,89,PARA,SOD,1,Error_SolverFailed
990,61790,SEK_LIBOR,Yield_Curve,28Y,2.1764,90,PARA,SOD,1,
991,95803,SEK_LIBOR,Yield_Curve,29Y,3.902,91,MC,SOD,1,
992,47714,SEK_LIBOR,Yield_Curve,30Y,1.6039,92,MC,SOD,1,
993,40922,SEK_LIBOR,Yield_Curve,31Y,0.2218,93,MC,SOD,1,
994,81325,SEK_LIBOR,Yield_Curve,32Y,4.7572,94,MC,SOD,1,
995,20742,SEK_LIBOR,Yield_Curve,33Y,1.286,95,MC,SOD,1,
996,31331,SEK_LIBOR,Yield_Curve,34Y,2.5276,96,BASE,SOD,1,
997,13129,SEK_LIBOR,Yield_Curve,35Y,3.5664,97,BASE,SOD,1,
998,91335,SEK_LIBOR,Yield_Curve,40Y,3.5774,98,BASE,SOD,1,
999,30217,SEK_LIBOR,Yield_Curve,50Y,4.6822,99,BASE,SOD,1,
1000,26357,SEK_LIBOR,Yield_Curve,60Y,4.0161,100,BASE,SOD,1,
